0j,(-0.05+1j),(-0.05-1j),(-0.1+0j),(-0.10000000000000003-4j),(-0.10000000000000003+4j),(-0.15-9j),(-0.15+9j),(-0.15000000000000002-3j),(-0.15000000000000002+3j),(-0.19999999999999998-8j),(-0.19999999999999998+8j),(-0.2+16j),(-0.2-16j),(-0.20000000000000007+0j),(-0.25+15j),(-0.25-5j),(-0.25-15j),(-0.25+5j),(-0.25000000000000006+25j)
(-1.8530466611699384e-13+8.391591757846734e-13j),(-0.05005465207752203-0.9993730916190381j),(-0.050054652077758645+0.999373091618564j),(-0.10002080591027394+3.999998969942463j),(-0.10002080591031609-3.9999989699427156j),(-0.1000937500208524+1.4851329028197513e-12j),(-0.15001301684095278-3.000623791166814j),(-0.15001301684097776+3.0006237911670164j),(-0.15002732496686605-8.999999268022417j),(-0.15002732496703874+8.999999268022066j),(-0.199979208930768-4.262760794407339e-14j),(-0.20001952567852446-8.000624414188596j),(-0.2000195256785569+8.000624414187211j),(-0.20002915023392343-15.999999347638566j),(-0.20002915023399814+15.999999347639394j),(-0.24998569434045717+5.00000029787315j),(-0.24998569434063458-5.000000297873206j),(-0.25002134840598567-15.000624584951254j),(-0.25002134840602525+15.000624584950861j),(-0.25002993288953557+24.999999376496376j)
(-7.441175493564612e-15+4.337879918826156e-13j),(-0.05021869548661418+0.9974940612786315j),(-0.050218695486652316-0.9974940612792939j),(-0.10008322420979643-4.000000176816977j),(-0.10008322421006334+4.000000176816218j),(-0.10037517537314351-6.602381536317062e-13j),(-0.1500519760207486-3.0024977212958976j),(-0.15005197602077944+3.002497721295921j),(-0.15010939096552-8.999999706882978j),(-0.15010939096556775+8.99999970688288j),(-0.1999167017605514+5.608322448938624e-13j),(-0.20007810356210573+8.002498536856718j),(-0.20007810356215358-8.002498536856837j),(-0.20011668860679402-15.999999888860913j),(-0.20011668860690174+15.99999988886147j),(-0.24994269378440262+4.999999533209727j),(-0.24994269378451334-4.999999533210168j),(-0.25008539105484723+15.002499082481057j),(-0.25008539105497707-15.002499082481378j),(-0.25011981905344005-24.999999945874237j)
(5.353218022760639e-14+1.7753520434629744e-13j),(-0.050492390897318176-0.9943679941386313j),(-0.05049239089740299+0.9943679941384416j),(-0.1001872566145523-4.00001651188976j),(-0.1001872566148336+4.000016511889529j),(-0.10084479646746208-8.669442862569242e-13j),(-0.15011660422741172+3.005629458766334j),(-0.15011660422741555-3.005629458766216j),(-0.15024647062925825-9.000009219606161j),(-0.15024647062927016+9.000009219606694j),(-0.1998120826138664-5.712639442183841e-13j),(-0.20017573619542633+8.005625005551781j),(-0.20017573619572449-8.005625005550735j),(-0.20026287735733206-16.000009118611246j),(-0.20026287735745243+16.00000911861063j),(-0.24987074841859472+4.999992729704374j),(-0.2498707484186548-4.999992729704447j),(-0.25019212015936043+15.005625719242499j),(-0.2501921201594268-15.00562571924293j),(-0.25026992024196015+25.000009027825623j)
(6.815423149898714e-14-9.928569300039266e-13j),(-0.05087616988450099-0.9900033677309984j),(-0.05087616988450852+0.9900033677307059j),(-0.10033290602017425-4.000069460720123j),(-0.10033290602024858+4.000069460719959j),(-0.10150346216674232-8.795850762391607e-13j),(-0.1502064483484374+3.010031779059858j),(-0.15020644834870311-3.010031779059915j),(-0.15043901612811936+9.000040973219273j),(-0.1504390161282438-9.000040973218525j),(-0.1996647119896859+2.6466007252646526e-13j),(-0.20031242782915903+8.010008206984036j),(-0.2003124278293294-8.010008206983589j),(-0.20046815094868475-16.000039528398588j),(-0.2004681509487382+16.000039528398514j),(-0.2497694444725188-4.999971588828501j),(-0.24976944447254734+4.999971588828167j),(-0.25034152247767527-15.010008201752976j),(-0.2503415224777352+15.010008201753443j),(-0.25048067024045206+25.000038821771838j)
(-7.069175155076491e-15+3.50031343048289e-13j),(-0.05137063056027491+0.9844120547245401j),(-0.05137063056037858-0.9844120547247021j),(-0.10052017655712182+4.0001891021469245j),(-0.10052017655740077-4.000189102146924j),(-0.10235232102430196-1.008601850004412e-12j),(-0.15032087914052383-3.0157225564513515j),(-0.15032087914055764+3.015722556450959j),(-0.1506876557793904-9.000113391144321j),(-0.15068765577941493+9.000113391144122j),(-0.1994737381204301+1.118383687685071e-12j),(-0.20048818443308392-8.01565426323927j),(-0.2004881844332936+8.015654263238313j),(-0.2007331121054393+16.00010860561045j),(-0.200733112105498-16.000108605609405j),(-0.24963820850329874-4.999924483400025j),(-0.2496382085033675+4.999924483399935j),(-0.2505335789205321-15.015651709542793j),(-0.25053357892060824+15.015651709542876j),(-0.2507526711105299-25.00010640617528j)
(3.586120228965454e-13-3.727976816393614e-13j),(-0.051976531357796237-0.9776093254757183j),(-0.05197653135780845+0.9776093254753931j),(-0.10074907366870754-4.000414104495778j),(-0.10074907366871236+4.000414104496065j),(-0.1033927787934956+8.498795640109655e-13j),(-0.15045909647704553+3.0227247512348714j),(-0.1504590964770991-3.022724751235194j),(-0.1509931891761007-9.000250141399654j),(-0.15099318917611093+9.00025014139982j),(-0.1992381428449476-7.121775730752808e-13j),(-0.20070301371438912+8.022571012497949j),(-0.2007030137146779-8.022571012496565j),(-0.20105852614326375-16.000238831388632j),(-0.2010585261435323+16.00023883139j),(-0.2494763133723089+4.999836449775964j),(-0.24947631337244758-4.999836449776122j),(-0.2507682640046923-15.02256288559657j),(-0.25076826400478547+15.022562885596095j),(-0.25108668780986076+25.000233736406905j)
(3.4700725505230796e-14+1.3125246952988996e-13j),(-0.05269478286280803-0.9696138490667343j),(-0.052694782862810374+0.9696138490670031j),(-0.10101960421471273+4.000791716655438j),(-0.10101960421506684-4.000791716655691j),(-0.10462643980569353+1.6239096785307571e-12j),(-0.1506201362875322+3.0310663913360996j),(-0.15062013628756155-3.0310663913350515j),(-0.15135658071765-9.000480119426639j),(-0.15135658071769176+9.00048011942656j),(-0.1989568041463199-8.018753844023717e-13j),(-0.20095692514021124+8.030767984305392j),(-0.20095692514035368-8.030767984305726j),(-0.20144531347347527-16.00045767590837j),(-0.2014453134735158+16.00045767590772j),(-0.24928288612278762-4.9996891798571585j),(-0.2492828861228249+4.999689179857012j),(-0.2510455451577709-15.030749824098642j),(-0.251045545157785+15.030749824098349j),(-0.2514836410722062-25.000447639985186j)
(2.002873374576295e-14+2.5345257697763967e-13j),(-0.05352643757293585+0.9604476911649885j),(-0.053526437572972485-0.96044769116509j),(-0.10133177660428512+4.001377750977172j),(-0.10133177660443556-4.001377750977052j),(-0.10605502855506904+1.6388700758451858e-12j),(-0.1508028793177308+3.040780546834695j),(-0.15080287931780992-3.0407805468343856j),(-0.15177895139452932-9.000837424079025j),(-0.1517789513946293+9.000837424078636j),(-0.19862857872151468-1.6535184751372297e-12j),(-0.20124992996747135-8.04025636942376j),(-0.2012499299676711+8.040256369424213j),(-0.20189454013745595-16.00079758954517j),(-0.20189454013748728+16.000797589544998j),(-0.24905691789912496+4.999461014442479j),(-0.24905691789915094-4.999461014442787j),(-0.25136538187864377+15.040222055535107j),(-0.2513653818786859-15.040222055534754j),(-0.2519445984113003-25.000779807701395j)
(-3.824466665802459e-14+2.522153233886007e-13j),(-0.05447267744165356-0.9501363066485419j),(-0.05447267744165576+0.9501363066489218j),(-0.10168560095712709+4.002236554303974j),(-0.10168560095733137-4.002236554304991j),(-0.10768028642415056-2.1117332272674468e-13j),(-0.15100606186928+3.05190529561461j),(-0.15100606186935206-3.0519052956148234j),(-0.15226156865706186-9.001361324954626j),(-0.15226156865706653+9.001361324954335j),(-0.19825240923703355+8.050369938479535e-13j),(-0.2015820412752513-8.051048984308986j),(-0.2015820412755214+8.051048984311086j),(-0.20240740620999428+16.001295988126824j),(-0.20240740621016864-16.001295988127428j),(-0.24879727606211754-4.999126939796533j),(-0.24879727606213264+4.99912693979705j),(-0.25172772475980887-15.050990529169336j),(-0.2517277247598577+15.050990529168999j),(-0.2524707630798153-25.001266778775328j)
(1.4057738414007348e-13-8.207315608914359e-13j),(-0.055534799053420375+0.938708524620169j),(-0.05553479905352611-0.9387085246208048j),(-0.10208108930143399+4.003440962799319j),(-0.10208108930164612-4.00344096280054j),(-0.10950383615896554+1.75741584139166e-12j),(-0.15122828868351418-3.0644836780294353j),(-0.1512282886835441+3.064483678029417j),(-0.15280583418388163+9.00209621895056j),(-0.1528058341840469-9.0020962189508j),(-0.19782746321354383-1.2304459063539238e-12j),(-0.20195327400064897+8.063160230287664j),(-0.2019532740007757-8.063160230288611j),(-0.2029852318837366-16.001995230092792j),(-0.20298523188373704+16.001995230092582j),(-0.24850271867724172-4.998658589614746j),(-0.24850271867733428+4.998658589614892j),(-0.2521325143793049+15.063067592966188j),(-0.252132514379318-15.063067592965686j),(-0.2530634608150858+25.00194991791472j)
(-6.070243842316463e-15+3.10317935795414e-13j),(-0.056714196276356064-0.926196523065384j),(-0.05671419627645703+0.9261965230656676j),(-0.10251825580494446+4.005072235602636j),(-0.1025182558050028-4.0050722356035315j),(-0.11152700351345388-2.4861110448263904e-12j),(-0.1514680481463633+3.0785636381992245j),(-0.15146804814649414-3.078563638199332j),(-0.15341326936314104+9.003091573635768j),(-0.15341326936327515-9.003091573635436j),(-0.1973533136280481+5.161087424864876e-13j),(-0.2023636449808353-8.076606047496002j),(-0.20236364498086606+8.076606047496568j),(-0.2036294410612883-16.00294258313605j),(-0.2036294410613064+16.002942583136054j),(-0.24817191154587048+4.998024254877629j),(-0.24817191154594986-4.9980242548776745j),(-0.2525796800689619+15.076466971005736j),(-0.2525796800689948-15.07646697100591j),(-0.2537241241810295-25.00287538182191j)
(-8.548771579061607e-14+6.455884761449599e-13j),(-0.05801234023869283-0.9126357901114995j),(-0.05801234023877971+0.912635790111186j),(-0.10299711704669041-4.007219961847155j),(-0.10299711704673029+4.007219961847352j),(-0.11375058065101681-3.730441081192521e-12j),(-0.15172372997937567-3.0941979492670426j),(-0.15172372997948236+3.094197949266389j),(-0.15408549829244714-9.004401854745648j),(-0.15408549829252297+9.004401854745346j),(-0.19683017602248232+3.16515570141793e-12j),(-0.2028131729964597+8.09140386368307j),(-0.20281317299648458-8.091403863683441j),(-0.20434154227780293+16.00419017755616j),(-0.2043415422780112-16.004190177556147j),(-0.2478034479560816-4.99718890438712j),(-0.24780344795615034+4.997188904387097j),(-0.2530691385715838+15.091203738471634j),(-0.25306913857169455-15.091203738471773j),(-0.2544542743385322+25.004094072414087j)
(1.7683463427958142e-13+1.893206685031566e-13j),(-0.05943075650289299-0.8980650685601518j),(-0.05943075650293424+0.8980650685600301j),(-0.1035176923319283+4.009981934990746j),(-0.1035176923320908-4.009981934991007j),(-0.11617450830030654-1.2803514677094776e-12j),(-0.15199364556778275+3.111444119722439j),(-0.1519936455678044-3.1114441197226896j),(-0.1548242281385938+9.006086434898982j),(-0.15482422813873217-9.006086434898906j),(-0.19625922466598872-2.877833310753307e-13j),(-0.20330187882049836+8.107572537963641j),(-0.20330187882062778-8.107572537963883j),(-0.20512310681363083-16.005794943316044j),(-0.20512310681369883+16.005794943316417j),(-0.24739587130487606-4.996114218981568j),(-0.2473958713049315+4.996114218982163j),(-0.25360079259322243-15.107294294282656j),(-0.2536007925933115+15.107294294282752j),(-0.2552555000792905-25.005661573804755j)
(-3.658238459877021e-13-6.295383310756034e-13j),(-0.060970999338598175-0.8825262801228793j),(-0.06097099933864317+0.8825262801226864j),(-0.10408000404989437+4.013463988109244j),(-0.10408000405011526-4.013463988109036j),(-0.11879744222034509-7.149387132181736e-12j),(-0.1522760510399053+3.130364277730469j),(-0.15227605103999228-3.1303642777308656j),(-0.15563122671242247+9.008209480423824j),(-0.15563122671256782-9.008209480423812j),(-0.19564302147811877+9.735885695507076e-12j),(-0.20382978526868037-8.125132299651487j),(-0.2038297852688036+8.1251322996512j),(-0.2059757439056532+16.00781852762684j),(-0.2059757439057939-16.007818527626203j),(-0.24694770070975497+4.994758642673809j),(-0.24694770070979402-4.994758642674234j),(-0.25417452926550227+15.124756331467678j),(-0.2541745292657938-15.124756331467559j),(-0.2561294340058148-25.007638069878585j)
(-1.5250020440924566e-13+4.40524914267872e-13j),(-0.0626346230530177+0.8660644256180173j),(-0.06263462305312133-0.8660644256180652j),(-0.10468407807685887+4.0177797834590185j),(-0.10468407807688797-4.0177797834592j),(-0.12161615105305643-8.918285432326007e-12j),(-0.15256917316120336-3.15102503026069j),(-0.15256917316135632+3.1510250302603566j),(-0.15650829717911335-9.010839813076608j),(-0.15650829717923054+9.010839813076881j),(-0.194986110189016+1.4993536984327565e-11j),(-0.20439691725150627-8.144104682306441j),(-0.2043969172517366+8.144104682306736j),(-0.20690107305775396+16.010327189638456j),(-0.20690107305797864-16.010327189635824j),(-0.24645745968418087+4.993077454040988j),(-0.24645745968435176-4.993077454040898j),(-0.2547902185264044-15.143608805383975j),(-0.25479021852647327+15.143608805384773j),(-0.2570777257812503+25.01008823917303j)
(-6.573706127548855e-14-7.664451139616488e-14j),(-0.06442315040242261+0.8487274572843035j),(-0.06442315040256753-0.8487274572839081j),(-0.10532994422535547-4.0230505495612645j),(-0.10532994422569499+4.023050549561246j),(-0.1246246634348384+6.008203899872931e-13j),(-0.15287123803394848+3.173497293826456j),(-0.1528712380341012-3.173497293826383j),(-0.15745724988462545-9.014050743404312j),(-0.1574572498846691+9.01405074340453j),(-0.194295857315766-5.048336195537514e-13j),(-0.2050033018303216-8.16451245315556j),(-0.2050033018304438+8.164512453155279j),(-0.20790069357240085-16.013391668846488j),(-0.20790069357243013+16.013391668847277j),(-0.24592370787860274-4.991022861267505j),(-0.24592370787867499+4.991022861267729j),(-0.2554477114363417-15.16387189990123j),(-0.2554477114364435+15.1638718999009j),(-0.25810201244562114-25.01308112373052j)
(-9.273286860630418e-15-4.3280314454612754e-13j),(-0.06633803820132489-0.8305661193530063j),(-0.06633803820137696+0.8305661193527442j),(-0.10601763673974776-4.029404759143115j),(-0.10601763673995292+4.029404759143514j),(-0.1278130358387352+1.1710817991213146e-12j),(-0.15318050249836127-3.1978560937087375j),(-0.15318050249836532+3.1978560937081912j),(-0.1584798713712924-9.01791987254479j),(-0.15847987137139966+9.017919872544347j),(-0.19358366812235542-3.30700822318187e-12j),(-0.20564896827425322+8.186379538054288j),(-0.20564896827434112-8.186379538054455j),(-0.20897615161007171+16.017087023843587j),(-0.20897615161024766-16.017087023841718j),(-0.24534507580651824-4.988544124177596j),(-0.24534507580662687+4.98854412417706j),(-0.2561468384397768-15.185566991662258j),(-0.2561468384398981+15.185566991661782j),(-0.25920388589020926-25.01668996864107j)
(2.287060045388984e-13-1.3281245129691466e-13j),(-0.06838064035767583-0.811633753129025j),(-0.06838064035785171+0.8116337531290657j),(-0.10674719483134208-4.036977741598553j),(-0.10674719483161292+4.036977741598631j),(-0.1311655396971173+1.9014090850842476e-12j),(-0.15349528801755336-3.2241803287480546j),(-0.1534952880175594+3.224180328747796j),(-0.15957789076476442+9.02252885946849j),(-0.15957789076483692-9.022528859468686j),(-0.19286677858211299-2.1140406390995485e-12j),(-0.2063339481174401+8.209730942199739j),(-0.2063339481176686-8.209730942199192j),(-0.2101289053242184-16.021492438216452j),(-0.21012890532423184+16.02149243821571j),(-0.2447203023703057+4.98558770638837j),(-0.24472030237043757-4.985587706388462j),(-0.2568874075881198+15.208716612596746j),(-0.2568874075881693-15.208716612597268j),(-0.26038485768250513-25.020992029164407j)
(-1.326023844372035e-13-1.4330283072004572e-13j),(-0.07055216868549918+0.7919860630319462j),(-0.07055216868557249-0.7919860630320912j),(-0.10751866325191001+4.045911224276053j),(-0.10751866325207793-4.045911224276662j),(-0.13465795766679758-3.805009068339704e-12j),(-0.15381401668959527+3.2525524991823884j),(-0.15381401668960937-3.252552499182463j),(-0.16075294384152972+9.027963150972342j),(-0.16075294384167046-9.027963150972331j),(-0.19217093355949647+7.014051940218873e-12j),(-0.20705827521890324-8.234592666802557j),(-0.20705827521891765+8.234592666802548j),(-0.21136028890489453+16.02669099092582j),(-0.2113602889049379-16.026690990924752j),(-0.24404827488329908+4.98209746040223j),(-0.24404827488335026-4.982097460402645j),(-0.2576692027369886-15.233344410812228j),(-0.25766920273727006+15.233344410811505j),(-0.26164632157000595-25.026068342630147j)
(-1.4868008644923708e-13+2.9847609811773055e-13j),(-0.07285365199618275-0.7716808404267848j),(-0.07285365199631332+0.7716808404266615j),(-0.10833209290144867-4.056352797816432j),(-0.10833209290174571+4.056352797817131j),(-0.1382535372662721+1.4131617642453748e-11j),(-0.15413524886867466-3.2830583955226684j),(-0.1541352488687508+3.2830583955227706j),(-0.16200653523252717+9.034311672208878j),(-0.1620065352326253-9.034311672208856j),(-0.19153440293873616-2.078099518069669e-11j),(-0.20782198582134087+8.260991621965747j),(-0.20782198582136288-8.260991621965593j),(-0.21267147668422073+16.032769389130582j),(-0.21267147668432132-16.032769389131182j),(-0.24332807115371635-4.978014847914063j),(-0.2433280711538227+4.9780148479143325j),(-0.25849198173641785-15.259475110050163j),(-0.2584919817364577+15.259475110050092j),(-0.262989514136226+25.032003462791604j)
(2.643290665329742e-13+2.390142531431867e-13j),(-0.07528589412365795-0.7507776425389532j),(-0.0752858941237839+0.7507776425387757j),(-0.10918754145532712+4.068455302029471j),(-0.10918754145554355-4.068455302028627j),(-0.1418970387981357+7.160254470168074e-12j),(-0.15445772170331945-3.3157867472158062j),(-0.15445772170334804+3.3157867472164284j),(-0.16333999937131655+9.041666476198833j),(-0.1633399993715745-9.041666476198804j),(-0.19101389870127883-1.266810894818646e-11j),(-0.20862511861172914-8.288955536038733j),(-0.2086251186118111+8.288955536039285j),(-0.21406344867428584-16.039817662627595j),(-0.21406344867428584+16.03981766262694j),(-0.24255900306215503+4.973279196933364j),(-0.24255900306221043-4.973279196933484j),(-0.259355474620946+15.287134467894276j),(-0.2593554746210689-15.287134467893862j),(-0.26441547423234985+25.038885154916116j)
(-2.7101079634168662e-14-3.856040868295469e-13j),(-0.07784943169460952+0.7293374243983908j),(-0.07784943169468914-0.7293374243983024j),(-0.110085074009134-4.082376130429245j),(-0.11008507400947899+4.082376130429055j),(-0.14550650004475835+8.717989711699426e-12j),(-0.15478038770331784-3.350828830801734j),(-0.15478038770333163+3.350828830802209j),(-0.16475446095948992+9.050122351573448j),(-0.1647544609595263-9.050122351573215j),(-0.19069277124061754-1.3773610248470832e-11j),(-0.20946771477855983+8.318512861731353j),(-0.20946771477860424-8.318512861731522j),(-0.21553695887541605+16.047928820407037j),(-0.21553695887547553-16.04792882040567j),(-0.2417406609366904+4.967827996380925j),(-0.2417406609368605-4.967827996380894j),(-0.2602593818263932-15.316349232922285j),(-0.260259381826415+15.316349232922112j),(-0.2659250019772551+25.04680405074039j)
(1.8926541560361922e-14+7.244796722623043e-13j),(-0.0805444926152891-0.7074221224745308j),(-0.08054449261529963+0.7074221224738838j),(-0.1110247637252131+4.098276453506988j),(-0.11102476372525619-4.098276453506875j),(-0.14896362970892071+1.1547914276082268e-11j),(-0.15510245224374758+3.388278038427264j),(-0.15510245224379374-3.3882780384281754j),(-0.16625079587164346-9.059776388782018j),(-0.16625079587176295+9.059776388782037j),(-0.19069057283170235-2.0328503798320967e-11j),(-0.21034981807297173-8.349692679293721j),(-0.2103498180730116+8.349692679293073j),(-0.21709250713105088+16.05719847176394j),(-0.21709250713115005-16.05719847176528j),(-0.24087295792593036+4.961597227675437j),(-0.2408729579259738-4.961597227675597j),(-0.2612033724354019-15.347147101025024j),(-0.2612033724355505+15.347147101025032j),(-0.2675186182687243+25.05585326334613j)
(-3.148742352096487e-13+4.663394387879344e-13j),(-0.08337095637641286-0.6850941895067035j),(-0.083370956376469+0.6850941895067479j),(-0.11200669247210246-4.116320363096658j),(-0.11200669247241249+4.11632036309643j),(-0.15210778324981+1.502058650214504e-11j),(-0.15542340869349167-3.42822940906028j),(-0.1554234086935268+3.428229409059832j),(-0.16782959357384428+9.070727506145522j),(-0.1678295935739338-9.070727506145202j),(-0.19116903504466554-2.710907663173424e-11j),(-0.21127147486209985+8.382524597122629j),(-0.21127147486212422-8.382524597122824j),(-0.21873031395993028+16.067724415729245j),(-0.21873031395995912-16.067724415729412j),(-0.23995617350771536+4.954521731421522j),(-0.23995617350773027-4.954521731421384j),(-0.2621870824767419-15.37955667111256j),(-0.26218708247686173+15.379556671112178j),(-0.26919652589265447-25.066127963177998j)
(2.0592533954789366e-13-5.174574409292987e-13j),(-0.08632831739366467+0.6624160808818995j),(-0.08632831739377174-0.6624160808821481j),(-0.11303095144662795+4.13667394271745j),(-0.1130309514468755-4.136673942717777j),(-0.15474606347448325-3.9343187353661104e-11j),(-0.15574306961435883+3.4707791264211445j),(-0.1557430696144167-3.470779126420658j),(-0.1694911222265991+9.083075938391763j),(-0.1694911222266116-9.083075938391843j),(-0.19232191763561166+7.116783553071608e-11j),(-0.21223273418776417-8.417038650115627j),(-0.21223273418793845+8.417038650116238j),(-0.22045029581198214-16.079606203372972j),(-0.22045029581202974+16.07960620337296j),(-0.23899099529235018-4.946535605611823j),(-0.23899099529241638+4.946535605611431j),(-0.2632101132838799+15.41360740045321j),(-0.2632101132839436-15.413607400452841j),(-0.2709585734284443-25.077724917668714j)
(-8.923236425374604e-14-7.532587756116192e-14j),(-0.08941565266309316-0.6394496937289595j),(-0.08941565266322127+0.6394496937291799j),(-0.11409764176751445+4.15950427152829j),(-0.1140976417675765-4.159504271528829j),(-0.15606159220508348+3.5160239897427776j),(-0.15606159220512938-3.5160239897425116j),(-0.15669507225898457-4.5169427953526185e-11j),(-0.17123529773313162-9.09692269168511j),(-0.17123529773323476+9.0969226916857j),(-0.19433320148733768+9.156176198793635e-11j),(-0.21323364781795998-8.453265196186964j),(-0.2132336478182162+8.453265196187921j),(-0.22225203634781768+16.092944676355113j),(-0.22225203634794716-16.092944676356133j),(-0.2379785584116926+4.937572629727909j),(-0.23797855841184085-4.93757262972806j),(-0.26427202993159643+15.44932955990499j),(-0.26427202993189114-15.449329559904667j),(-0.2728042232256317-25.09074199828268j)
(-2.90617185753881e-14-1.0322403210309102e-12j),(-0.09263159502636291-0.6162557605625587j),(-0.09263159502644276+0.6162557605625902j),(-0.1152068750389103+4.18497837230142j),(-0.11520687503894673-4.184978372301554j),(-0.15637949578411858-3.5640608659799473j),(-0.1563794957842401+3.5640608659794917j),(-0.15784665915647444-5.4521827606497443e-11j),(-0.1730616580005252-9.11236897052554j),(-0.1730616580006012+9.112368970525281j),(-0.19731127807909102+1.0652692420523251e-10j),(-0.21427427029485266-8.491234811312733j),(-0.21427427029489496+8.491234811313236j),(-0.22413474936199757-16.107841482303396j),(-0.2241347493621198+16.10784148230359j),(-0.2369204821253852-4.927566706602902j),(-0.2369204821254173+4.927566706602324j),(-0.26537235976076445-15.48675418929173j),(-0.26537235976089973+15.48675418929173j),(-0.27473252473666954+25.105277660179894j)
(1.7024017800037082e-13-8.558470698463446e-14j),(-0.09597431328903153-0.5928931997116005j),(-0.09597431328904782+0.5928931997115205j),(-0.11635877387518091+4.2132621165693696j),(-0.11635877387544515-4.21326211656935j),(-0.15669766855363906+3.614986135308505j),(-0.15669766855377687-3.6149861353085124j),(-0.15820821124068565-8.428825716315064e-12j),(-0.17496934364405106+9.129515583276497j),(-0.17496934364412145-9.12951558327669j),(-0.20124858586127814+1.8707975759904698e-11j),(-0.2153546589846249-8.53097818355175j),(-0.2153546589848268+8.530978183552751j),(-0.22609723244534458+16.12439856471649j),(-0.22609723244550733-16.12439856471679j),(-0.23581890393394642+4.916452310695656j),(-0.2358189039340246-4.916452310695839j),(-0.2665105910000038-15.525913053210905j),(-0.2665105910000659+15.525913053210335j),(-0.27674209445630693-25.121430401055576j)
(-1.8439348070383903e-13-3.8072332513635027e-13j),(-0.09944150030900857+0.5694184246806285j),(-0.09944150030923825-0.5694184246805865j),(-0.11755347239553786+4.244519102642366j),(-0.11755347239556524-4.244519102641326j),(-0.15701735989677298-3.6688951462423103j),(-0.15701735989679524+3.6688951462421024j),(-0.15787930949897036-1.8461417022121182e-11j),(-0.17695708624883488+9.14846233432968j),(-0.1769570862488843-9.148462334329654j),(-0.2060448596111631+4.9046486701152876e-11j),(-0.21647487411642655+8.572526006443336j),(-0.21647487411649644-8.572526006442605j),(-0.22813781708954323+16.14271762545201j),(-0.2281378170895652-16.14271762545309j),(-0.23467651270792836-4.904164926963491j),(-0.2346765127080381+4.904164926963659j),(-0.2676861714978619-15.566838597551149j),(-0.2676861714979495+15.56683859755175j),(-0.27883110359257113-25.139298206966778j)
(2.60552094891936e-13+2.743596985127518e-13j),(-0.103030369980076+0.545884613864893j),(-0.10303036998013454-0.5458846138648107j),(-0.11879111669152374-4.278909524347806j),(-0.11879111669155674+4.2789095243482285j),(-0.15699403399406878-5.3913854649729045e-11j),(-0.15734015261268713+3.725881703396577j),(-0.15734015261276665-3.7258817033967255j),(-0.17902320511311084-9.169307411989347j),(-0.1790232051131309+9.16930741198903j),(-0.21156469192697805+1.6721511924673826e-10j),(-0.2176349788188607+8.615908872260231j),(-0.21763497881896499-8.615908872259883j),(-0.23025432719900155-16.162899563524658j),(-0.2302543271990649+16.162899563524324j),(-0.23349658457851877-4.890641457769313j),(-0.2334965845785231+4.890641457769074j),(-0.26889850756998523-15.609563907022215j),(-0.26889850756999284+15.609563907021979j),(-0.28099727440867206-25.15897799402675j)
(-1.2894992384276418e-13-1.3732504614725166e-13j),(-0.10673766376143644-0.5223409403062158j),(-0.10673766376159184+0.5223409403059586j),(-0.12007186528587344+4.316589050004023j),(-0.120071865285917-4.316589050003981j),(-0.15567769723183433+5.8171955689533135e-12j),(-0.15766790575121992-3.786037622207347j),(-0.1576679057513902+3.7860376222071905j),(-0.18116561313839719-9.19214678198049j),(-0.18116561313845442+9.192146781980387j),(-0.21768059142726087-2.4752738782222357e-12j),(-0.2188350391504342+8.66115716554944j),(-0.21883503915066493-8.66115716554963j),(-0.2322830296122573-4.875820563986756j),(-0.23228302961226857+4.87582056398678j),(-0.23244405915521607-16.185043903417846j),(-0.2324440591553109+16.185043903417416j),(-0.27014696296999896+15.654122663971716j),(-0.27014696297001034-15.654122663972096j),(-0.283237885909666+25.180565055665184j)
(-7.234182267462987e-14-3.7208435251903e-13j),(-0.11055966708037919-0.4988317580880624j),(-0.11055966708058243+0.49883175808812863j),(-0.12139588959698994+4.357707732090571j),(-0.12139588959700197-4.357707732091061j),(-0.15403085837263025+1.3139997736958063e-11j),(-0.15800265081096818-3.8494524055414487j),(-0.15800265081105602+3.849452405541338j),(-0.1833818322092725+9.217073596979509j),(-0.1833818322093709-9.217073596979708j),(-0.22007512412077196-8.708300957439354j),(-0.220075124120935+8.708300957439363j),(-0.2242886108600645-6.335400231743253e-11j),(-0.23104046583265767+4.859642885810978j),(-0.23104046583266258-4.859642885811191j),(-0.23470379096628521-16.20924823387618j),(-0.2347037909664215+16.209248233874384j),(-0.2714308579872282-15.700549108825077j),(-0.2714308579872611+15.700549108824687j),(-0.28234549003103687-11.852044348004442j)
(1.8554278878981288e-13-2.515694242231879e-13j),(-0.1144922355607338-0.47539573693490467j),(-0.11449223556075903+0.47539573693525383j),(-0.12276337443826162-4.402408968338762j),(-0.1227633744385079+4.402408968337803j),(-0.15212952151880266+1.6192194155818575e-11j),(-0.15834640644929426+3.9162131382060683j),(-0.15834640644931092-3.916213138205949j),(-0.1856690180408054+9.244177632670379j),(-0.18566901804089145-9.244177632669988j),(-0.2213553057014114+8.75736990119981j),(-0.2213553057016198-8.757369901201194j),(-0.22977435551439246-4.842051047658927j),(-0.22977435551457281+4.842051047658699j),(-0.23130747736097262-8.146192562247959e-11j),(-0.23702981908397658-16.23560767955115j),(-0.23702981908414314+16.2356076795506j),(-0.27274946867571354-15.748878002412079j),(-0.272749468675886+15.748878002412381j),(-0.28110365786620956-11.833771624879342j)
(-2.435149932667516e-13+8.829283202690258e-14j),(-0.11853083063401035+0.452064928777378j),(-0.11853083063404271-0.45206492877771054j),(-0.1241745185741021+4.450828534288072j),(-0.12417451857415662-4.450828534287716j),(-0.15003051183904442+7.823902694621948e-14j),(-0.1587008349551575+3.9864047838285406j),(-0.1587008349551892-3.9864047838280907j),(-0.18802399407244927-9.27354476052183j),(-0.18802399407247547+9.273544760521746j),(-0.22267565882716175-8.808393129514775j),(-0.22267565882723317+8.808393129514728j),(-0.2284912813594105-4.822989263065126j),(-0.22849128135948982+4.82298926306483j),(-0.2386718349620754-2.06969680650152e-11j),(-0.23941801471282984-16.264214423049786j),(-0.23941801471296792+16.264214423049395j),(-0.2741020262133492+15.79914459051632j),(-0.2741020262136001-15.799144590516052j),(-0.27983323384454856-11.814033146431132j)
(1.4815068749940907e-13+6.374441680732891e-13j),(-0.12267056369972966-0.42886373818205076j),(-0.12267056369979325+0.4288637381820459j),(-0.1256295353665323+4.503093705925078j),(-0.12562953536662946-4.503093705924744j),(-0.1477769823876665+2.4267753657673514e-13j),(-0.15906655537608233-4.0601112751170545j),(-0.15906655537610573+4.060111275117103j),(-0.19044329360883602+9.305256466778017j),(-0.19044329360884743-9.30525646677712j),(-0.22403626137859692-8.861399153977178j),(-0.22403626137870175+8.861399153977189j),(-0.2271995493053596+4.802402148892245j),(-0.22719954930545738-4.802402148892023j),(-0.2418638898505479-16.295157287487296j),(-0.24186388985058507+16.295157287486553j),(-0.2463235889226961+6.275799814229806e-12j),(-0.2754877163931351+15.85138457092076j),(-0.27548771639315794-15.85138457092074j),(-0.27853848148636595+11.792790485867853j)
(-2.474574988701171e-13-4.552461540564247e-13j),(-0.12690624763454042+0.4058077504847757j),(-0.1269062476346773-0.40580775048536355j),(-0.12712865353204617+4.559322488657835j),(-0.12712865353216085-4.559322488657688j),(-0.14540265907265734-3.114211820501508e-13j),(-0.1594416161213516+4.137418318224652j),(-0.1594416161213789-4.137418318224225j),(-0.19292320903406324+9.339389425983892j),(-0.19292320903411328-9.33938942598393j),(-0.2254371941498818-8.916415767308065j),(-0.2254371941498972+8.916415767308681j),(-0.22591061752105795+4.780231828423448j),(-0.225910617521162-4.7802318284234255j),(-0.24436266571993137-16.328521384102412j),(-0.24436266571996254+16.32852138410287j),(-0.2541994614792239-3.17415246374379e-11j),(-0.2769056792395571-15.905634063262239j),(-0.2769056792395606+15.90563406326252j),(-0.2772239403189866+11.770010789704845j)
(-1.6446080065405982e-13-1.5475791038264237e-13j),(-0.12867211804173195+4.619622965988112j),(-0.1286721180417691-4.619622965988323j),(-0.1312324541483872-0.38290234369732007j),(-0.13123245414839418+0.3829023436969413j),(-0.1429347960435125+2.0566147098386687e-12j),(-0.15981759432392237+4.2184203560890925j),(-0.15981759432402243-4.218420356089671j),(-0.19545984662896942-9.376015135949762j),(-0.19545984662911683+9.376015135949165j),(-0.2246428872891155-4.756410878730569j),(-0.22464288728916118+4.756410878730339j),(-0.22687854079136258+8.973469948786207j),(-0.22687854079145495-8.973469948786247j),(-0.2469093398473733-16.36438782660921j),(-0.24690933984745556+16.364387826608166j),(-0.26220254904572776-7.17253229445203e-11j),(-0.2758943700354885-11.745667132990233j),(-0.2758943700355153+11.745667132990354j),(-0.27835500875113306+15.961929581968901j)
(5.956996165170887e-13-2.117771982415576e-13j),(-0.1302601911750817-4.684092777593985j),(-0.13026019117513285+4.684092777593753j),(-0.13564357524714163+0.36014096638397075j),(-0.13564357524719203-0.36014096638403625j),(-0.14039614706481568-4.27467884341781e-12j),(-0.16016762290973183-4.303239215264695j),(-0.16016762290997594+4.303239215264902j),(-0.19804918527991508-9.415199619233372j),(-0.1980491852799294+9.415199619233713j),(-0.22343355828456127-4.7308435980383905j),(-0.22343355828459138+4.730843598039165j),(-0.22836038772291892-9.032587773446883j),(-0.22836038772304496+9.032587773447334j),(-0.24949875065414387-16.402833513205636j),(-0.24949875065427443+16.402833513206097j),(-0.27009948966629105+2.112413732202276e-10j),(-0.2745546905969889-11.719738812341822j),(-0.27455469059719023+11.719738812340506j),(-0.27983475275668923-16.020308012559873j)
(-2.811991909463512e-14-4.669443858986483e-13j),(-0.13189315374495839-4.752818732668643j),(-0.13189315374505908+4.75281873266822j),(-0.13780625506479346-7.63706112486939e-12j),(-0.14013388693156176-0.3375028923934656j),(-0.140133886931619+0.33750289239336667j),(-0.16039847638408702+4.392082382325488j),(-0.1603984763842596-4.392082382325163j),(-0.20068713723221615+9.457003194349834j),(-0.2006871372322625-9.457003194349895j),(-0.22238642097182454-4.703347647204308j),(-0.22238642097185504+4.703347647204494j),(-0.22988282400908838-9.093794325586847j),(-0.2298828240092088+9.093794325587332j),(-0.2521256395407578+16.443930976973554j),(-0.2521256395408102-16.44393097697402j),(-0.27320992014688283-11.692211573786201j),(-0.27320992014692497+11.692211573786441j),(-0.2770268349773019+7.231158921896437e-10j),(-0.2813439128831691-16.080806591578398j)
(-6.791556343912477e-13+6.370186700563053e-14j),(-0.1335713064926157-4.82587656028882j),(-0.13357130649262208+4.8258765602884734j),(-0.13518228728860346+2.916225649618502e-12j),(-0.14469761321848815-0.3149501424994119j),(-0.14469761321851135+0.3149501424992458j),(-0.16005351147323138-4.485465644232156j),(-0.1600535114734671+4.485465644232635j),(-0.20336960899624615+9.50148031783578j),(-0.20336960899634876-9.501480317835705j),(-0.22196879378827594+4.67343133113666j),(-0.22196879378842316-4.673431331136814j),(-0.23144594118579012+9.157113617221794j),(-0.23144594118598116-9.157113617221961j),(-0.2547847104978054-16.487748304841737j),(-0.2547847104979024+16.48774830484197j),(-0.2718651126619775+11.663077774275306j),(-0.2718651126620935-11.663077774276248j),(-0.2806684668365771-2.2593545182731463e-10j),(-0.2828814446202254-16.14346289039748j)
(1.2199251847913148e-13-6.345133694236284e-13j),(-0.1325395722812764+6.24114915628742e-12j),(-0.1352949716504223+4.903330794574074j),(-0.13529497165045087-4.903330794574269j),(-0.14932898863510266-0.29242304911481337j),(-0.14932898863521177+0.292423049114643j),(-0.1546996992264119-4.583607221639767j),(-0.15469969922668905+4.583607221640237j),(-0.20609256057343625-9.548679496339721j),(-0.20609256057353104+9.548679496339696j),(-0.22662437220040885+4.640899391343191j),(-0.22662437220064216-4.640899391344386j),(-0.23304983302116297+9.222568512184175j),(-0.23304983302117244-9.222568512185383j),(-0.25747068688148284-16.53434912420448j),(-0.2574706868815572+16.53434912420395j),(-0.27052529720973045-11.632336477615944j),(-0.27052529720975144+11.632336477616107j),(-0.28133738869384406-5.573521633443994e-10j),(-0.28444625747743757-16.208314803141814j)
(4.724030834222127e-13+1.651564777748551e-15j),(-0.1298919429357-3.944013330825998e-13j),(-0.1370644946585243+4.985234788667714j),(-0.13706449465854897-4.985234788668098j),(-0.15402231749238462-0.26983354077755806j),(-0.15402231749258327+0.2698335407780202j),(-0.1548543891640242+4.6688029439132634j),(-0.15485438916408856-4.668802943913058j),(-0.2088520613173382+9.59864326602339j),(-0.20885206131750764-9.598643266023092j),(-0.22584635241945897-4.623477761035148j),(-0.225846352419522+4.62347776103486j),(-0.23469459519206648-9.290180656734213j),(-0.2346945951921276+9.29018065673452j),(-0.26017836460390964-16.58379265482948j),(-0.26017836460405164+16.58379265482917j),(-0.26919542053289763-11.599993487236437j),(-0.26919542053294726+11.599993487237453j),(-0.28110055150142166+1.3522868522612713e-10j),(-0.2860372152176239-16.275400538936275j)
(-2.8600844812202566e-14+3.359870662251804e-13j),(-0.1272519540506159+2.0973546881801667e-12j),(-0.13888024601518972+5.071630848301082j),(-0.1388802460152981-5.0716308483013135j),(-0.1587720284716193+0.24705442963962596j),(-0.15877202847164565-0.24705442963943045j),(-0.16267808438054498-4.775426702974957j),(-0.1626780843805577+4.775426702974497j),(-0.21164434097831422-9.651408234904439j),(-0.21164434097837662+9.65140823490443j),(-0.21748455378282042+4.586813045815438j),(-0.21748455378300036-4.586813045815601j),(-0.23638032484358384-9.359970417801053j),(-0.23638032484365706+9.35997041780127j),(-0.26290266077075897-16.636133822116772j),(-0.2629026607708701+16.63613382211619j),(-0.26788029447035033-11.566061319543591j),(-0.2678802944704549+11.566061319545346j),(-0.28059903478928555+4.425525780535341e-11j),(-0.2876531361585952-16.344758618686065j)
(5.347081507802944e-13-6.825610529346932e-13j),(-0.12463102019315217+3.463271310960833e-12j),(-0.14074262323225062+5.16255047299789j),(-0.14074262323226852-5.162550472997407j),(-0.16357272334460313-0.22390128682893132j),(-0.1635727233446252+0.22390128682940078j),(-0.164165528322258+4.8845250719762525j),(-0.16416552832232564-4.884525071975476j),(-0.21446583475721837-9.707005182413305j),(-0.21446583475724132+9.707005182413916j),(-0.21555424142474192-4.549877844167938j),(-0.21555424142486773+4.54987784416809j),(-0.23810711999139403-9.43195683038988j),(-0.23810711999160386+9.431956830390646j),(-0.2656386567928915+16.6914234263503j),(-0.2656386567930132-16.69142342635081j),(-0.2665845494447154-11.530559122490489j),(-0.26658454944475746+11.530559122490832j),(-0.2800010949073666-1.0184104224447375e-10j),(-0.2892927935280864-16.41642787655582j)
(2.538424723309002e-13+4.2109894434093385e-13j),(-0.1220395038720876-1.7809701875185764e-12j),(-0.1426520528696626+5.258014690946493j),(-0.1426520528696875-5.258014690946632j),(-0.16516306193199373+4.996528330763773j),(-0.16516306193213426-4.996528330763466j),(-0.16841921896913176+0.20009950175808913j),(-0.16841921896917206-0.20009950175767716j),(-0.21421869222922568-4.512259665900668j),(-0.21421869222937964+4.512259665900885j),(-0.21731322151972854+9.765459209372874j),(-0.21731322151979027-9.76545920937228j),(-0.23987507870806826+9.506157556374836j),(-0.2398750787081011-9.506157556374703j),(-0.2653125949463884+11.493512544261675j),(-0.2653125949465001-11.493512544262025j),(-0.26838163515575886-16.749708361458776j),(-0.2683816351558114+16.749708361458552j),(-0.27936639451965517+1.1730239914883613e-10j),(-0.2909549158649151+16.490447466323115j)
(-1.8854713799389627e-13+6.12121293646671e-13j),(-0.1194867742165109-2.42332200252972e-12j),(-0.14460899261147112-5.358034472273655j),(-0.1446089926115612+5.3580344722741176j),(-0.1661167787555973+5.112082640914979j),(-0.16611677875560177-5.11208264091491j),(-0.17330658202888907-0.1752185546196013j),(-0.17330658202907118+0.17521855461928318j),(-0.21304097750524117+4.473328705966372j),(-0.21304097750525428-4.473328705966702j),(-0.22018345465163058+9.82678993092378j),(-0.22018345465175088-9.82678993092383j),(-0.2416842980072322+9.582588858138562j),(-0.24168429800738303-9.582588858137983j),(-0.2640685876376928-11.454953556419115j),(-0.26406858763773505+11.4549535564196j),(-0.27112710927876993+16.811031875973836j),(-0.2711271092789439-16.811031875973615j),(-0.2787221862755798+2.32520008854154e-10j),(-0.2926381874504727+16.56685687272865j)
(2.7397684454016646e-13+8.48246900863737e-13j),(-0.11698124945553538-5.719909450166024e-12j),(-0.1466139333516791-5.462611204768078j),(-0.14661393335190492+5.462611204768331j),(-0.1671062622743351+5.2313805890133285j),(-0.16710626227459058-5.231380589013851j),(-0.17823015630582992-0.14852251799712815j),(-0.1782301563060488+0.1485225179968228j),(-0.21195017849629433-4.432907255109303j),(-0.21195017849644457+4.432907255109012j),(-0.2230737853556186-9.891011704571971j),(-0.22307378535569292+9.89101170457143j),(-0.24353487230981652-9.661265592554049j),(-0.24353487230989546+9.661265592553994j),(-0.26285640741167154-11.414920233968232j),(-0.2628564074117334+11.414920233967525j),(-0.27387084618801716-16.875433868477533j),(-0.2738708461880968+16.87543386847812j),(-0.27808356841781984+3.985353015261321e-10j),(-0.2943412487644398-16.645695927970156j)
(2.290526569139235e-13+1.658297190760023e-13j),(-0.11453043179418301-4.654828482040156e-12j),(-0.14866740125562483+5.5717372162156975j),(-0.14866740125572275-5.571737216216183j),(-0.16815535853578675+5.354492917359507j),(-0.16815535853584734-5.354492917359334j),(-0.18318558256430448-0.11855384924770988j),(-0.18318558256436773+0.11855384924824415j),(-0.210930581449285+4.390937928300927j),(-0.21093058144938998-4.390937928300733j),(-0.2259817784863399-9.958133885461942j),(-0.2259817784864323+9.958133885462258j),(-0.24542689132244683+9.74220123468757j),(-0.2454268913224924-9.742201234687062j),(-0.2616796414923319+11.373456491004665j),(-0.26167964149239-11.37345649100373j),(-0.2766088820226546-16.942951209722576j),(-0.2766088820228624+16.942951209722672j),(-0.2774602517037773+3.014961047378323e-10j),(-0.29606269695380577-16.727004833434524j)
(1.1086569169345343e-13-2.0066282575674577e-13j),(-0.11214094017292069+1.87961573961231e-12j),(-0.15076995976302518+5.685396327996893j),(-0.15076995976303212-5.685396327996423j),(-0.1692741358910212-5.481445098114067j),(-0.16927413589110157+5.4814450981144j),(-0.1881688113739872-0.0814518789707563j),(-0.1881688113747527+0.08145187897059271j),(-0.2099796997150078+4.347407055065889j),(-0.20997969971507202-4.347407055066133j),(-0.22890532127366228-10.028161101274613j),(-0.22890532127368723+10.028161101274463j),(-0.24736043711725908+9.825407947631401j),(-0.247360437117327-9.825407947631659j),(-0.26054157646300774+11.33061176311356j),(-0.2605415764630144-11.330611763113701j),(-0.27685922770119836-1.919906504927034e-10j),(-0.2793375306540527+17.013618083805223j),(-0.2793375306540656-17.01361808380581j),(-0.2978010863085983-16.810824186801423j)
(-5.027246145153185e-13-1.3297235597732237e-13j),(-0.10981854410939926-1.9447490831524106e-12j),(-0.1529222115017861-5.80356442570906j),(-0.15292221150189117+5.803564425709228j),(-0.17046809490297848-5.612240855546162j),(-0.1704680949030173+5.612240855545889j),(-0.1771708571057006+9.699772641710005e-14j),(-0.20909905869806372+4.3023211271334185j),(-0.20909905869810774-4.302321127133493j),(-0.20918136169674317-3.018549410342267e-13j),(-0.23184262548216283-10.101093539562434j),(-0.231842625482255+10.101093539562187j),(-0.24933558018315546-9.910896729014597j),(-0.24933558018334986+9.910896729013919j),(-0.25944519791067283+11.286440613064098j),(-0.25944519791078036-11.286440613062975j),(-0.2762859508029816+1.2511901593630997e-10j),(-0.28205338591463675+17.087466341262186j),(-0.2820533859146792-17.0874663412628j),(-0.299554928740077-16.89719501463057j)
(-5.747758355517411e-13+3.607787227941729e-13j),(-0.10756820022960682-1.6973156981815182e-12j),(-0.11654886717109068+5.030527860419276e-13j),(-0.15512480007955862-5.926210033930595j),(-0.1551248000796456+5.926210033930288j),(-0.17174084274902127+5.746871106453988j),(-0.17174084274908688-5.746871106453698j),(-0.20829152790870414-4.2556978333899576j),(-0.2082915279087593+4.255697833389791j),(-0.234792223712738+10.176927241034814j),(-0.23479222371277544-10.176927241034532j),(-0.25135237439545355-9.998677693855583j),(-0.25135237439563807+9.998677693856383j),(-0.25839319705973385+11.24100220641502j),(-0.2583931970597571-11.241002206415303j),(-0.27574491307122734+3.8451543923604896e-10j),(-0.2798592525034514-1.6901862068377872e-13j),(-0.2847533181010236-17.16452585752697j),(-0.28475331810114923+17.164525857527476j),(-0.30132269425751446-16.98615881060571j)
(-1.3149020554744343e-13-1.2378357406457555e-13j),(-0.09078639615770491-7.539737897038388e-16j),(-0.10539409214287376-3.6782494772077644e-13j),(-0.15737841172758782+6.0532948838770295j),(-0.15737841172763242-6.053294883877248j),(-0.17309503227751571+5.885317953057411j),(-0.17309503227769676-5.885317953057471j),(-0.20756039833689677-4.207562047895562j),(-0.20756039833698864+4.207562047895428j),(-0.23775296064366871+10.25565439302865j),(-0.2377529606437097-10.255654393028783j),(-0.2534108517900435-10.088760618517252j),(-0.2534108517901514+10.088760618517624j),(-0.257387982721033+11.19435953774041j),(-0.25738798272111435-11.194359537740064j),(-0.27523993716284706+5.743892024264484e-11j),(-0.2874344655233295-17.24482489099696j),(-0.2874344655235318+17.244824890997485j),(-0.3031028114448746-17.07775757966283j),(-0.30310281144494416+17.07775757966239j)
(3.3443751017836485e-13+2.1916911992228672e-13j),(-0.07324447858644123-3.0289742462428636e-13j),(-0.1032996735404021+2.7148328155133152e-12j),(-0.1596837767607271-6.184774464463879j),(-0.15968377676096213+6.184774464464853j),(-0.17453274464452073+6.02755671901363j),(-0.17453274464461635-6.027556719013728j),(-0.20690902450927576-4.1579437802998465j),(-0.2069090245092996+4.1579437802996155j),(-0.24072398005861123-10.337263618256344j),(-0.24072398005881074+10.337263618256173j),(-0.25551102193940084-10.181156027705613j),(-0.2555110219394764+10.181156027705166j),(-0.2564316929311226-11.146578129970026j),(-0.25643169293116824+11.146578129970035j),(-0.2747743296211028+3.054726919668157e-12j),(-0.29009422193742124+17.32839043572973j),(-0.29009422193761764-17.32839043572909j),(-0.30489366793679373-17.172033888379016j),(-0.3048936679368537+17.17203388837896j)
(3.346297761493502e-13-3.63322690252645e-13j),(-0.060104969675510024+9.075743409033721e-14j),(-0.10128771396557941+3.0229999381140983e-12j),(-0.16204167082988885+6.320598549064111j),(-0.1620416708300345-6.320598549064017j),(-0.17605566796785982+6.173557113808087j),(-0.17605566796786115-6.1735571138080765j),(-0.20634067706894382+4.106877003398853j),(-0.20634067706905954-4.106877003398812j),(-0.24370470851888543+10.421740254766057j),(-0.24370470851900414-10.421740254766164j),(-0.25552618458900545+11.097723506418301j),(-0.25552618458903853-11.097723506418507j),(-0.25765289678192144+10.275877528504j),(-0.25765289678197784-10.275877528504749j),(-0.2743509626665899-5.2016489354077305e-11j),(-0.2927302207111958-17.415248564647897j),(-0.2927302207112669+17.4152485646481j),(-0.30669361090490727-17.269030922225816j),(-0.306693610904923+17.269030922226055j)
(3.3924184342048306e-13+2.6626951436854268e-14j),(-0.04981968877959691-8.932048245759781e-15j),(-0.09936034651104485-1.0046630780817226e-13j),(-0.16445291592789804+6.460711692017302j),(-0.16445291592802924-6.460711692016985j),(-0.17766519334926795-6.323283968523677j),(-0.17766519334940145+6.323283968523972j),(-0.20585848289031194+4.05439891478201j),(-0.20585848289037173-4.054398914782239j),(-0.2466948365025906-10.509066623884694j),(-0.24669483650261162+10.50906662388477j),(-0.2546729074791137-11.047855437919697j),(-0.25467290747912286+11.047855437920255j),(-0.25983663370863164-10.372947391545164j),(-0.25983663370875776+10.372947391545841j),(-0.27397230715493-8.013358232428418e-11j),(-0.2953403165556611-17.505424759939405j),(-0.2953403165556665+17.505424759939334j),(-0.3076669109228027+19.997565282545292j),(-0.3076669109228507-19.997565282545306j)
(-5.93976587052154e-14-8.775664654150283e-14j),(-0.04156447643032736+1.0485055299396397e-13j),(-0.09751911652964838+2.4678871409092874e-12j),(-0.16691838111782514-6.6050536905962085j),(-0.1669183811179049+6.60505369059613j),(-0.1793624747572819+6.476697741408793j),(-0.17936247475738698-6.476697741409118j),(-0.20546540480088535-4.00054943419429j),(-0.20546540480100858+4.000549434193942j),(-0.24969429778158955-10.5992222837001j),(-0.2496942977816482+10.599222283700119j),(-0.253872185805922+10.997012180328218j),(-0.2538721858062602-10.997012180328722j),(-0.262063273023735-10.47241216573071j),(-0.2620632730239226+10.472412165730287j),(-0.2736404433898477-4.718809764415076e-11j),(-0.2979225656086768-17.59894422807778j),(-0.2979225656089027+17.598944228078448j),(-0.30703987543245903+19.94267169092562j),(-0.3070398754324594-19.942671690925753j)
(3.3004825828315967e-14+1.8509496036686761e-13j),(-0.03483310033142423-1.469655987120479e-13j),(-0.09576503051710973+1.1490947190479948e-12j),(-0.16943898294478757+6.75356000965905j),(-0.16943898294480408-6.753560009659378j),(-0.18114847236737042-6.633754889565666j),(-0.18114847236738243+6.633754889565651j),(-0.2051642403500233-3.945370840723533j),(-0.20516424035013078+3.945370840723412j),(-0.25270324773526265+10.692184266352738j),(-0.25270324773538627-10.692184266352594j),(-0.2531186796514364+10.945154709821963j),(-0.253118679651594-10.945154709822047j),(-0.26433929669212064+10.574398319827518j),(-0.26433929669257117-10.574398319826459j),(-0.27335704993584153-2.1124299888330567e-10j),(-0.3004752045886701+17.695832197604574j),(-0.30047520458874444-17.695832197605284j),(-0.30647839283034845-19.886681260850192j),(-0.3064783928304063+19.886681260850402j)
(3.9799555263024974e-13+1.981954293360784e-13j),(-0.029285686428581623-1.0038740306058347e-13j),(-0.09409860431727585-2.1572549159663354e-14j),(-0.17201568548291224+6.906162167535005j),(-0.1720156854829593-6.906162167535176j),(-0.1830239885399299+6.7944081603776825j),(-0.183023988539971-6.7944081603773485j),(-0.2049576300189124-3.8889075003102507j),(-0.20495763001897593+3.888907500310488j),(-0.2523547760308447+10.891860900819136j),(-0.2523547760312486-10.891860900819205j),(-0.2557220412121443-10.787927298041522j),(-0.25572204121222764+10.787927298041808j),(-0.26672325809691977-10.67941796616127j),(-0.2667232580970266+10.679417966161285j),(-0.27312337894080213+3.1573549935075287e-11j),(-0.30299662965830476-17.79611419837936j),(-0.3029966296583977+17.7961141983798j),(-0.3059841493622055+19.829667775679127j),(-0.3059841493623152-19.829667775678864j)
(9.70983385730869e-14-2.7789487624183304e-13j),(-0.02467991849600289+4.771469657993546e-14j),(-0.09251990996338538+1.6043031386174236e-12j),(-0.1746494999772533-7.062788082919339j),(-0.17464949997735887+7.06278808291958j),(-0.1849896718985183-6.958606852647422j),(-0.18498967189855992+6.958606852647401j),(-0.20484807002442823-3.831205656277567j),(-0.20484807002449879+3.8312056562774797j),(-0.2475044612945643-10.830849691088746j),(-0.24750446129525894+10.830849691087755j),(-0.25875121047850946+10.886424001188244j),(-0.25875121047852434-10.88642400118861j),(-0.2729402227895631-1.1557082959800206e-10j),(-0.27329193056026235+10.793844621143313j),(-0.27329193056112544-10.793844621142997j),(-0.305485375559831-17.89981632150558j),(-0.30548537556001637+17.89981632150499j),(-0.3055587015443144+19.77170775194167j),(-0.30555870154432446-19.771707751941708j)
(1.9942040259063847e-13-2.232087995763871e-13j),(-0.02083551057089921-3.267598732484047e-13j),(-0.09102862058060772+3.785150721556035e-12j),(-0.17734148401706964-7.223362383475888j),(-0.17734148401707625+7.223362383476103j),(-0.1870459442691806-7.126296829391612j),(-0.18704594426937068+7.126296829391472j),(-0.20483792708664983+3.772313266830819j),(-0.20483792708672313-3.772313266830696j),(-0.2492438865993059+10.795335829177132j),(-0.24924388659942392-10.795335829176592j),(-0.26179144371426716+10.987645078710177j),(-0.26179144371435853-10.987645078710166j),(-0.2728078665331708-1.7228963146745515e-10j),(-0.2733697624876541-10.884558406204963j),(-0.2733697624877355+10.884558406204313j),(-0.30520349673000974-19.712880196484907j),(-0.3052034967301224+19.71288019648506j),(-0.3079400954921994-18.006965459555826j),(-0.3079400954923326+18.00696545955588j)
(6.343531091697045e-13+5.415507094874358e-13j),(-0.017614075534216792+2.4320165946471558e-15j),(-0.08962405285349234-2.008042851791842e-12j),(-0.18009274018497307-7.387806677725727j),(-0.18009274018504262+7.387806677724905j),(-0.1891934646371245+7.297420824369004j),(-0.18919346463742737-7.297420824369157j),(-0.20492945363437517-3.7122798793368466j),(-0.20492945363451076+3.7122798793365526j),(-0.25022746898013143-10.737974868595348j),(-0.2502274689802766+10.73797486859573j),(-0.26484356427308586+11.091559480730455j),(-0.2648435642731721-11.091559480731108j),(-0.27272603665197775+9.642203842202848e-11j),(-0.2743027962686238-10.999001022890631j),(-0.2743027962686467+10.999001022890601j),(-0.3049198911020417-19.653266298806845j),(-0.3049198911022176+19.653266298806898j),(-0.3103595421251872+18.117589526985235j),(-0.31035954212527117-18.11758952698501j)
(1.7065873362155143e-13-1.0319831411493405e-13j),(-0.014906879917672157+1.90845655143296e-13j),(-0.08830520678931604+5.715751270449173e-15j),(-0.1829044141156092+7.556039792415349j),(-0.1829044141156133-7.556039792415766j),(-0.191432588376753-7.471918727424701j),(-0.19143258837689245+7.471918727425287j),(-0.20512480251587095-3.6511565343612227j),(-0.2051248025160203+3.651156534361348j),(-0.24993629799789985-10.683289893080072j),(-0.2499362979980384+10.68328989307991j),(-0.26790851089369316-11.198134554012903j),(-0.2679085108937418+11.198134554012855j),(-0.27269383700139244+9.804260985503675e-11j),(-0.27661028072911387+11.112749015527983j),(-0.2766102807291855-11.112749015527909j),(-0.3047091618903454-19.592948978651627j),(-0.30470916189044284+19.592948978651737j),(-0.3127425500727379-18.231717660859342j),(-0.3127425500730505+18.231717660859903j)
(-1.3464726329344288e-13+7.596912022357795e-14j),(-0.012626964035805833+3.6951476545253825e-14j),(-0.08707080257888211-6.590734945378166e-13j),(-0.1857776918868233-7.727977978101685j),(-0.18577769188695126+7.727977978101647j),(-0.19376362800386934+7.649727386381158j),(-0.1937636280039395-7.649727386381305j),(-0.20542604061663844-3.5889956942204138j),(-0.20542604061678307+3.5889956942203023j),(-0.24958101317815407+10.628962916469545j),(-0.24958101317821296-10.628962916469314j),(-0.2709873194527017+11.307336174874395j),(-0.270987319452762-11.307336174874392j),(-0.27270968346586244+7.49580740499626e-11j),(-0.2790818117242055-11.228222375212676j),(-0.27908181172430824+11.228222375213258j),(-0.3045725049546312+19.532012110017355j),(-0.30457250495467864-19.532012110017334j),(-0.31508802008107406+18.349380402159603j),(-0.3150880200811192-18.349380402159035j)
(-4.007152135009369e-13-1.4967290789756785e-13j),(-0.010703832195908428+1.9109416409158822e-13j),(-0.08591931441848218+4.342693319387644e-13j),(-0.18871379667013996+7.903535086043671j),(-0.18871379667019994-7.9035350860437665j),(-0.19618688405419163+7.830780833953401j),(-0.1961868840541931-7.830780833953116j),(-0.20583516098899388+3.5258511917744038j),(-0.20583516098915325-3.5258511917742767j),(-0.24924847753788254+10.57478409843037j),(-0.24924847753824525-10.574784098430063j),(-0.27277122663238496-1.3159775225931374e-10j),(-0.27408110621538645+11.419128866836969j),(-0.27408110621557236-11.419128866836749j),(-0.2816306754719106-11.34573534094311j),(-0.2816306754721154+11.345735340943492j),(-0.3045109893336022-19.470538978525433j),(-0.30451098933376136+19.47053897852563j),(-0.3173949051273107-18.470609857964327j),(-0.31739490512747975+18.470609857964504j)
(1.4973789893243224e-13+3.933307857672852e-13j),(-0.009079734598407193+2.904109783428876e-15j),(-0.08484900138163817+9.84259468685455e-13j),(-0.19171398455599864+8.082622719815964j),(-0.19171398455606206-8.082622719815724j),(-0.198702632793001-8.015010365700329j),(-0.19870263279302475+8.015010365700574j),(-0.2063540932257667+3.4617781957917124j),(-0.20635409322579099-3.4617781957916014j),(-0.24895823419576313-10.520782237151561j),(-0.248958234195812+10.520782237151783j),(-0.2728752765993436+3.5367883415811347e-11j),(-0.2771910524744173-11.533475903768563j),(-0.2771910524745511+11.53347590376866j),(-0.28423740756468596+11.465365933446876j),(-0.28423740756477045-11.465365933446813j),(-0.30452536335195907-19.40860872167855j),(-0.304525363352122+19.408608721678352j),(-0.3196621985897309+18.595439844802183j),(-0.3196621985897321-18.595439844800975j)
(-7.673209365069341e-13-5.30224735137946e-14j),(-0.007706977958375592+7.405274939450601e-14j),(-0.08385793536165373-4.780499522418693e-13j),(-0.19477953947494175-8.265150365185612j),(-0.19477953947501966+8.265150365184834j),(-0.20131113118071878-8.202344607838898j),(-0.20131113118073213+8.202344607838734j),(-0.20698471189906575+3.3968331895186403j),(-0.2069847118993021-3.396833189518365j),(-0.2487168122003617-10.467047756651166j),(-0.24871681220059938+10.467047756651032j),(-0.27301772566776006-3.3514647829062154e-11j),(-0.28031839073677967+11.650339399454811j),(-0.28031839073683973-11.650339399454374j),(-0.28689550150088433+11.587133000577255j),(-0.2868955015011329-11.587133000577268j),(-0.30461523545180375+19.346286540493963j),(-0.3046152354518288-19.346286540493992j),(-0.32188892460391283+18.723906013442278j),(-0.32188892460392116-18.72390601344208j)
(-1.452101497099834e-13-1.1483782287308093e-12j),(-0.006545925860563571-1.6910491545313744e-13j),(-0.082944026284845+1.3127217024563771e-12j),(-0.19791176714356526-8.45102550188772j),(-0.19791176714363773+8.451025501887859j),(-0.20401261653027403+8.392709580981391j),(-0.20401261653040828-8.392709580981755j),(-0.2077288429427365+3.3310739593100576j),(-0.20772884294289554-3.3310739593103458j),(-0.24852684986839219+10.413695031383488j),(-0.24852684986854714-10.413695031383508j),(-0.2731934693619239+9.478487129619709e-11j),(-0.2834643924903398+11.769680384629046j),(-0.2834643924903913-11.769680384629353j),(-0.28960229844384794+11.71103392790586j),(-0.289602298443931-11.711033927906353j),(-0.304774708092346+19.283589295198222j),(-0.304774708092529-19.28358929519877j),(-0.32407413071493046-18.85604595524864j),(-0.32407413071499014+18.85604595524879j)
(-2.694413549271007e-13+1.1183519944228772e-12j),(-0.005563476680763934+2.39013695931757e-13j),(-0.08210504473361718-4.277238652856173e-12j),(-0.20111198798938362-8.64015370090108j),(-0.20111198798941143+8.640153700901278j),(-0.20680728282890473-8.586028748942311j),(-0.20680728282895366+8.58602874894233j),(-0.20858826789540355+3.2645595902893523j),(-0.2085882678954259-3.264559590289418j),(-0.24838949412693656+10.360850923727982j),(-0.24838949412716327-10.360850923727236j),(-0.2733963433808952+1.1386382881640844e-10j),(-0.2866303575224676-11.891458872455077j),(-0.2866303575226299+11.891458872454974j),(-0.2923565997099286-11.83705613518143j),(-0.29235659971013056+11.837056135181287j),(-0.304953309582016-19.220301569352028j),(-0.3049533095820245+19.22030156935205j),(-0.32621688294536755+18.99189929007587j),(-0.3262168829455427-18.991899290075445j)
(-2.935571229758517e-14+5.570193562217411e-13j),(-0.004731881714238466+3.225734530305146e-13j),(-0.08133864228935794+1.1243660444187847e-12j),(-0.20438152910220855+8.83243871045658j),(-0.2043815291022334-8.832438710456234j),(-0.20956472596033382-3.1973504660842105j),(-0.20956472596034295+3.197350466084483j),(-0.209695263434655-8.782222903461419j),(-0.20969526343468697+8.782222903461712j),(-0.2483052181981229+10.308650466601174j),(-0.24830521819824972-10.308650466601057j),(-0.27361906748850484+4.85059413626669e-12j),(-0.289817604745479-12.015633913325534j),(-0.28981760474563883+12.015633913326019j),(-0.2951578595801799-11.965181422880663j),(-0.29515785958035845+11.965181422880914j),(-0.30309059429557367+19.15322105113696j),(-0.30309059429592305-19.153221051137177j),(-0.3283162635618931+19.131507735479367j),(-0.3283162635620511-19.13150773547877j)
(3.0643613608111934e-14+4.2736469653062013e-13j),(-0.004027811892972846-2.9790012992732235e-13j),(-0.08064236975585767-8.59915856764572e-14j),(-0.20772171550563773-9.027782533073404j),(-0.20772171550564048+9.027782533072667j),(-0.210659913851849-3.1295082697428374j),(-0.21065991385186433+3.12950826974288j),(-0.21267739251710144-8.98121042366285j),(-0.2126773925171843+8.981210423662848j),(-0.2482741533249592-10.25723497945106j),(-0.2482741533249631+10.25723497945091j),(-0.27385321430071424+1.188502028939657e-10j),(-0.2930274644819622+12.14216363982032j),(-0.2930274644821311-12.142163639820737j),(-0.2980058624280115+12.095387877815986j),(-0.298005862428044-12.095387877816496j),(-0.30455713146107416+19.10099005047675j),(-0.30455713146148616-19.10099005047689j),(-0.33037137247411136-19.27491515664314j),(-0.33037137247414533+19.274915156642567j)
(-2.205849541455394e-14-1.3790581514094631e-13j),(-0.003431610309820796-2.9938461135729176e-14j),(-0.08001369359703568+7.983300073171919e-13j),(-0.21113386197172004-9.226085492601024j),(-0.2111338619718377+9.226085492600655j),(-0.21187548342364257-3.0610959829651816j),(-0.2118754834237275+3.0610959829648547j),(-0.21575364899627783-9.182908287989555j),(-0.21575364899635+9.182908287989429j),(-0.248296240208859-10.206751149504615j),(-0.24829624020888624+10.206751149504557j),(-0.27408920749002036+2.6276206957322046e-11j),(-0.2962612721560223+12.271005302502694j),(-0.2962612721561279-12.27100530250316j),(-0.30090057728428116+12.227650806382687j),(-0.30090057728433883-12.22765080638239j),(-0.3060050912758295-19.036386837860626j),(-0.30600509127584+19.03638683786041j),(-0.3323813367842138-19.42216759645082j),(-0.3323813367842837+19.42216759645084j)
(-5.5493367321320154e-14+6.470532125265666e-13j),(-0.0029266864531106366-4.323769137495051e-15j),(-0.07945001079377038-1.3934146909035817e-12j),(-0.2132130370881376-2.992177880827649j),(-0.21321303708828543+2.9921778808275983j),(-0.21461927069422881-9.427246276723572j),(-0.21461927069432107+9.427246276723574j),(-0.2189239196953512+9.387230034390482j),(-0.21892391969543235-9.387230034390557j),(-0.24837129822543247+10.15735055409252j),(-0.24837129822551143-10.157350554092803j),(-0.2743163589475206+7.679228280741374e-11j),(-0.2995203633382959+12.4021152971746j),(-0.29952036333834403-12.402115297174761j),(-0.30384208647785876+12.36194323334187j),(-0.30384208647805977-12.361943233341291j),(-0.3067046451163531-18.973815849671237j),(-0.30670464511641404+18.973815849671094j),(-0.33242751305413687-7.166664235006471j),(-0.33242751305427715+7.166664235006728j)
(1.1402353881440123e-13+1.5113838250300667e-13j),(-0.0024990204690734895+1.089559939903346e-13j),(-0.07894866240413835-7.84760301826156e-13j),(-0.21467412105340516-2.922819519228136j),(-0.21467412105350467+2.9228195192286077j),(-0.2181792669588361+9.631161863788646j),(-0.21817926695903084-9.631161863788314j),(-0.2221885084231496+9.594087290391926j),(-0.22218850842315138-9.594087290392132j),(-0.24849902014554115+10.10918949246118j),(-0.24849902014555597-10.109189492461194j),(-0.27452295423575973-1.124644313189005e-10j),(-0.3028060700962664+12.535449184048039j),(-0.30280607009638055-12.535449184047856j),(-0.3068305485211957+12.498236188013175j),(-0.30683054852129266-12.498236188013019j),(-0.3074092286115448+18.911964803460958j),(-0.3074092286116024-18.91196480346124j),(-0.33219608145723345-7.1878903306219994j),(-0.3321960814574591+7.187890330622221j)
(1.0952459291893862e-13+1.1830374232237333e-13j),(-0.0021367542035061428-3.4536382547951135e-13j),(-0.07850694603443353-4.017169638594615e-13j),(-0.2162602164233972-2.853087712301339j),(-0.2162602164234718+2.853087712301246j),(-0.2218156826803584-9.837726424227005j),(-0.2218156826804029+9.837726424226892j),(-0.22554760637585014-9.803389683654228j),(-0.22554760637585067+9.803389683654004j),(-0.24867849955858068-10.062429935513963j),(-0.24867849955866012+10.062429935513823j),(-0.27469639131635526-9.20065666714246e-11j),(-0.3061197186149852-12.670961699167389j),(-0.30611971861515447+12.670961699167153j),(-0.3081781796711854+18.850741301803083j),(-0.3081781796711992-18.850741301803183j),(-0.30986617823487306+12.63649887804933j),(-0.3098661782349701-12.63649887804935j),(-0.3319616867972947+7.210884597937045j),(-0.3319616867973356-7.210884597937522j)
(-3.5589082252567517e-13+6.372209078666772e-13j),(-0.0018298516210807332+2.7736762050350753e-13j),(-0.07812212745460319-5.231341789480094e-13j),(-0.21797272822285046+2.7830504971463057j),(-0.21797272822298283-2.7830504971461822j),(-0.22554606915105174+10.0468805321339j),(-0.22554606915113046-10.046880532134592j),(-0.22900132883920962+10.015044867114227j),(-0.2290013288392169-10.015044867114097j),(-0.24889301759079874+10.017190208238375j),(-0.24889301759090898-10.0171902082387j),(-0.2748233792360878-1.1315582843877413e-11j),(-0.3090256195019463+18.790200145590827j),(-0.3090256195020125-18.790200145590983j),(-0.30946262805929947+12.80860675828219j),(-0.30946262805932373-12.808606758281835j),(-0.3129492362432494-12.776698799394348j),(-0.312949236243397+12.776698799394367j),(-0.33172328081182667+7.235744118573567j),(-0.33172328081201247-7.235744118573163j)
(1.8085032230243954e-13-8.26896516287387e-14j),(-0.0015698153488985453+1.7804895451182404e-13j),(-0.07779145152279364-9.627010362186583e-14j),(-0.2198129724395842+2.712777083281775j),(-0.219812972439605-2.7127770832815004j),(-0.2293155673247799-10.258404838242924j),(-0.22931556732478164+10.258404838242795j),(-0.23254971711020464-10.228958652795894j),(-0.23254971711021513+10.22895865279573j),(-0.2491981645599708+9.973751227550531j),(-0.2491981645599971-9.973751227550732j),(-0.27489019386366853+3.206835616108914e-11j),(-0.30995696601977374-18.730434057604796j),(-0.3099569660198941+18.73043405760501j),(-0.3128361106737495+12.948337453170648j),(-0.3128361106739792-12.948337453170126j),(-0.31608002397815127+12.918801807190809j),(-0.3160800239782385-12.918801807189448j),(-0.3314797770607956-7.262568695701737j),(-0.33147977706080517+7.262568695702043j)
(-4.1339082970448405e-13+7.686399111395889e-13j),(-0.001349449064646826-5.988531297372052e-14j),(-0.07751215257948235-1.3438036102019372e-12j),(-0.22178216119507785+2.642337784347771j),(-0.22178216119514876-2.642337784347654j),(-0.23318402389719695-10.472287256177557j),(-0.23318402389722498+10.472287256177445j),(-0.23619272373371594-10.445035173321763j),(-0.2361927237337759+10.44503517332211j),(-0.24953471040065175-9.932189229271144j),(-0.2495347104006556+9.932189229271343j),(-0.2748829834653814+2.511605565520448e-12j),(-0.3109750452026821+18.671549977505126j),(-0.3109750452028695-18.671549977504725j),(-0.31624147314104434-13.090106040278329j),(-0.3162414731410813+13.090106040278284j),(-0.3192588822168183+13.062772160796031j),(-0.319258882216861-13.062772160796207j),(-0.3312300452438798-7.29146081743567j),(-0.3312300452440381+7.291460817435964j)
(-1.0277413890214396e-13+1.1017930850741217e-13j),(-0.0011626576589874225+4.774363293817249e-14j),(-0.07728146445671484-1.0979031955742649e-12j),(-0.22388138619640113-2.5718039297351742j),(-0.22388138619648548+2.5718039297355704j),(-0.23713182440432173+10.688394648050549j),(-0.23713182440437672-10.688394648050036j),(-0.23993019189002135+10.663177068712917j),(-0.23993019189012346-10.66317706871277j),(-0.24992275382136073+9.89270398993801j),(-0.24992275382136173-9.892703989937383j),(-0.27478811180185075-8.157304078852393e-12j),(-0.3120816675984388+18.613661702369786j),(-0.3120816675984698-18.61366170236979j),(-0.31968001924847195-13.233863921318848j),(-0.31968001924850853+13.233863921318896j),(-0.3224861921338504+13.208572549902009j),(-0.3224861921339934-13.208572549901815j),(-0.3309728971449918-7.322525633768952j),(-0.33097289714504613+7.3225256337692715j)
(-7.220840055091922e-13-2.0319143169388374e-13j),(-0.0010042787256523062-1.660375077339477e-13j),(-0.07709663014942815-2.460842340135685e-13j),(-0.2261116006509144+2.5012477539911013j),(-0.22611160065094466-2.5012477539909175j),(-0.2411595013315917-10.906616807171247j),(-0.24115950133190361+10.906616807171055j),(-0.24376183109393865-10.883285701411236j),(-0.24376183109395538+10.883285701411221j),(-0.25036209289321043+9.855474740899432j),(-0.250362092893327-9.855474740898915j),(-0.2745925176808832-1.5780730423488583e-11j),(-0.3132781448180584+18.556886998216516j),(-0.3132781448182012-18.556886998216434j),(-0.32315305392594856+13.37956161525198j),(-0.32315305392616006-13.379561615252008j),(-0.32576237836257854+13.356164105361556j),(-0.3257623783626668-13.356164105361298j),(-0.33070705897999725+7.355870962627601j),(-0.33070705898007685-7.355870962627711j)
(4.296245179389885e-13+1.5593310503532374e-13j),(-0.0008699401875356085+1.4002157875966318e-13j),(-0.07695491126659486+6.717454867443936e-14j),(-0.22847359987340882+2.430742262090247j),(-0.22847359987355606-2.430742262090767j),(-0.24526743369016218-11.12684399817935j),(-0.24526743369022624+11.126843998178625j),(-0.24768719007300063+11.105261401090798j),(-0.2476871900730477-11.105261401090994j),(-0.25085250104469803+9.820682511751045j),(-0.25085250104472007-9.8206825117504j),(-0.2742840675380475-5.203317420590571e-11j),(-0.31456548307409093+18.501346226425277j),(-0.3145654830741247-18.5013462264258j),(-0.3266618887941218+13.527148720777875j),(-0.3266618887941355-13.52714872077799j),(-0.3290879138783218+13.505506396290166j),(-0.32908791387833775-13.505506396289848j),(-0.33043112165375027+7.391607350279358j),(-0.3304311216539731-7.391607350279012j)
(1.7473410787005057e-13+4.505137062129833e-13j),(-0.0007559398239145679+2.779377542518358e-13j),(-0.07685359722282209-4.753121881657939e-13j),(-0.2309680008556096+2.360361068938584j),(-0.2309680008556532-2.360361068939098j),(-0.24945577015596943-11.348966478426075j),(-0.24945577015621045+11.348966478425996j),(-0.25139377663222484+9.788510478181424j),(-0.25139377663227375-9.78851047818111j),(-0.25170562952704817+11.329003745277493j),(-0.2517056295272774-11.32900374527766j),(-0.273851875190551-5.3576430242019345e-11j),(-0.3159444588824874+18.44716155854199j),(-0.3159444588826104-18.447161558542486j),(-0.330143454609263+7.42984822751151j),(-0.3301434546094093-7.429848227512048j),(-0.33020784941284076-13.676573868195097j),(-0.3302078494129559+13.676573868194668j),(-0.3324633267060182+13.65655741369145j),(-0.3324633267061346-13.656557413692088j)
(3.1360126879072973e-13+6.112363475953842e-13j),(-0.0006591432199543334+1.6896143657893736e-13j),(-0.07679001424112747-2.8055949557851766e-13j),(-0.2335952211186127-2.2901782117944807j),(-0.23359522111862588+2.2901782117945055j),(-0.2519857442370079+9.759143639169599j),(-0.2519857442370536-9.759143639169825j),(-0.2537243977887574-11.572874675789766j),(-0.25372439778897243+11.572874675788755j),(-0.2558162883356679-11.55441187700925j),(-0.2558162883356848+11.554411877009153j),(-0.273286566117696-1.3507335150762816e-11j),(-0.3174156457381762-18.39445643856489j),(-0.317415645738264+18.394456438565108j),(-0.3298420583557971-7.470710230876395j),(-0.3298420583559792+7.4707102308768585j),(-0.33379228448141773+13.827784659071717j),(-0.3337922844816033-13.827784659071584j),(-0.33588920862629146+13.809273539859342j),(-0.3358892086263613-13.809273539858582j)
(2.5358187771828966e-14-4.0091541197995184e-13j),(-0.0005768972520118177+1.8819227551580444e-13j),(-0.07676153406999921-2.12007278052595e-13j),(-0.23635545721757958+2.220267934701961j),(-0.23635545721771636-2.220267934702007j),(-0.25262825510263326-9.73276835607737j),(-0.252628255102743+9.732768356077532j),(-0.2580729089688455+11.798459491641758j),(-0.25807290896891777-11.798459491640623j),(-0.2600180498086544-11.781384859699127j),(-0.260018049808757+11.781384859699221j),(-0.27258046726982693-2.1092256506949623e-10j),(-0.318979418335797-18.343355151533164j),(-0.3189794183359807+18.343355151532773j),(-0.3295243104543133-7.514313808198679j),(-0.3295243104543493+7.514313808198389j),(-0.3374165773362242+13.980727591719951j),(-0.3374165773362857-13.980727591719575j),(-0.33936622619192947-13.96360950199234j),(-0.33936622619225876+13.963609501991515j)
(8.641665685184614e-14-1.9210350604006767e-13j),(-0.0005069567095604536-9.52268255821608e-15j),(-0.0767655824364387+7.996807858268083e-13j),(-0.23924866331452965-2.150704444454505j),(-0.23924866331461664+2.1507044444545067j),(-0.2533211877990338+9.709571818821813j),(-0.25332118779906354-9.709571818821777j),(-0.26250056541925254+12.025612666308064j),(-0.262500565419328-12.02561266630793j),(-0.26430950545356213+12.009822076165706j),(-0.26430950545367693-12.0098220761658j),(-0.2717277193375422-1.9441659778055317e-10j),(-0.3206359458916575+18.29398243450349j),(-0.3206359458917041-18.293982434503338j),(-0.32918651891239104+7.560784320803764j),(-0.3291865189124113-7.560784320803863j),(-0.34108216022447735+14.135347969837781j),(-0.3410821602246242-14.135347969837639j),(-0.34289513452357273+14.119518307634808j),(-0.3428951345238567-14.119518307635095j)
(-3.1633428661946016e-13-3.793628304668652e-13j),(-0.0004474220390373808-1.5858358470183153e-13j),(-0.07679964710802928+9.581760134969873e-13j),(-0.24227453028070967+2.0815616381002817j),(-0.24227453028071144-2.081561638100396j),(-0.25406444891487195-9.68974145340762j),(-0.2540644489149256+9.689741453407262j),(-0.26700625932640887-12.25422719652874j),(-0.26700625932657174+12.254227196529087j),(-0.2686889156292134+12.239623672981502j),(-0.2686889156292535-12.23962367298126j),(-0.27072430464393965-1.2773582982903715e-10j),(-0.3223851801616828+18.24646309916906j),(-0.32238518016169454-18.246463099168974j),(-0.32882310992343056-7.610254037939502j),(-0.3288231099234945+7.61025403793928j),(-0.34479053199075366-14.29158979096793j),(-0.34479053199082693+14.291589790967684j),(-0.34647679454651226+14.276951158676344j),(-0.3464767945466381-14.276951158676313j)
(6.274962467441026e-13-3.6934553456122225e-13j),(-0.00039668651683372544+5.127419701359202e-14j),(-0.07686128554636038-1.0057373200797568e-12j),(-0.24543246583245523-2.012912802541357j),(-0.24543246583254297+2.0129128025417624j),(-0.25485797367682855+9.673464276435068j),(-0.25485797367686086-9.673464276434315j),(-0.26956800628042826-1.8713635140960298e-11j),(-0.2715884712613272+12.484197804785097j),(-0.2715884712614667-12.484197804785447j),(-0.27315416716828855+12.470691053738408j),(-0.27315416716840635-12.47069105373856j),(-0.3242268411920577+18.200921650925135j),(-0.32422684119206246-18.200921650925522j),(-0.32842507817678945+7.662865799496442j),(-0.32842507817683847-7.6628657994965055j),(-0.348543280037215+14.449395610402195j),(-0.348543280037228-14.449395610402046j),(-0.35011219456225084-14.435857339537419j),(-0.35011219456237186+14.435857339537067j)
(-1.7772722392347952e-13-2.4779880500347485e-13j),(-0.00035339142470681013+2.3034009599841074e-14j),(-0.07694813201267454+8.245433415904335e-14j),(-0.24872157622695348-1.94483028734061j),(-0.24872157622696506+1.9448302873408982j),(-0.25570172646849104-9.660926200949927j),(-0.2557017264685712+9.660926200949818j),(-0.26825830702423703+9.338889177751514e-11j),(-0.27624522424633824-12.715421463486315j),(-0.2762452242465551+12.715421463486626j),(-0.2777027272891741-12.702927425379032j),(-0.2777027272893958+12.702927425379055j),(-0.3261604026581343-18.15748189717156j),(-0.3261604026582596+18.157481897171337j),(-0.32797683494660934+7.718779970647679j),(-0.327976834946849-7.718779970647586j),(-0.35234210771587604-14.608706374909696j),(-0.3523421077160837+14.608706374909566j),(-0.3538024773738792+14.596184073854216j),(-0.3538024773742064-14.596184073854479j)
(4.202267146991138e-13+1.1450937153929003e-13j),(-0.00031638801937475345+1.9794302890847322e-13j),(-0.07705790411134304-6.695589277759733e-14j),(-0.2521406500709967-1.8773851524350176j),(-0.25214065007107705+1.877385152435361j),(-0.2565957012516525-9.652311298508284j),(-0.256595701251672+9.652311298508502j),(-0.2667962521058868+3.745746886472438e-11j),(-0.28097403286343337+12.947797978872698j),(-0.28097403286347644-12.94779797887274j),(-0.2823315927420076+12.936238402712686j),(-0.28233159274207625-12.936238402712577j),(-0.3274492332571387-7.778188360065322j),(-0.3274492332572807+7.778188360065462j),(-0.32818507806164254+18.11626654206807j),(-0.3281850780618079-18.116266542068082j),(-0.35618886874313677-14.76946121892149j),(-0.35618886874314953+14.769461218921855j),(-0.35754897462516755+14.757876342165797j),(-0.3575489746251971-14.757876342165853j)
(-1.0310164625051197e-13-5.936363155124442e-13j),(-0.0002847052719962592+1.6119573892025755e-13j),(-0.07718840861711228+5.113123865641577e-13j),(-0.2556881447917259+1.8106467930328907j),(-0.255688144791798-1.8106467930331638j),(-0.2575399219034079+9.64780102342935j),(-0.25753992190345487-9.647801023429558j),(-0.26518428783707887-3.982465967866119e-11j),(-0.2857718456593017+13.181230641445932j),(-0.2857718456595113-13.181230641445701j),(-0.2870372325375651+13.170532677883507j),(-0.2870372325376769-13.170532677883761j),(-0.3267822954861371+7.8413442413082635j),(-0.3267822954862397-7.841344241308245j),(-0.33029980874984083+18.07739676771122j),(-0.3302998087498414-18.077396767711466j),(-0.36008561079934964+14.931597213536184j),(-0.36008561079942636-14.931597213536126j),(-0.3601865019753809-22.794395684557404j),(-0.36018650197543284+22.794395684557582j)
(-3.643161717938844e-13+5.708768297274606e-14j),(-0.0002575225067046819-1.6050812576254167e-13j),(-0.07733754659282913-2.7244315867535334e-13j),(-0.25853444248800467+9.647573406376733j),(-0.2585344424880555-9.647573406376365j),(-0.25936217630915803-1.7446825445297136j),(-0.25936217630916414+1.7446825445294203j),(-0.2634260947734114+4.9453506827806804e-11j),(-0.2906349782219575-13.415626952375513j),(-0.2906349782221515+13.415626952375135j),(-0.2918155217410511-13.405722763954008j),(-0.2918155217412279+13.405722763953934j),(-0.32583525422018433+7.908634089492705j),(-0.3258352542201879-7.908634089492992j),(-0.33250325453819957+18.04099180349294j),(-0.33250325453828455-18.04099180349343j),(-0.36127385224655945-23.02583465673705j),(-0.3612738522466281+23.025834656736727j),(-0.3623695607903079-23.016310927341838j),(-0.3623695607904092+23.016310927341948j)
(1.837753995940202e-13+5.79148845670297e-13j),(-0.00023414620758254882-4.582375920231105e-14j),(-0.07750331768698737-1.2946040641472984e-12j),(-0.25957934747728806+9.651802225647614j),(-0.2595793474773521-9.651802225646925j),(-0.26152642679775384-8.978329255115002e-12j),(-0.2631605124092362+1.6795572707766895j),(-0.2631605124092611-1.6795572707765258j),(-0.2955590329727779-13.65089943920105j),(-0.2955590329728366+13.650899439200753j),(-0.29666166264900085+13.641725825559048j),(-0.29666166264904514-13.641725825558945j),(-0.3242050751628057-7.980773239982697j),(-0.32420507516288727+7.980773239982763j),(-0.3347937875834975+18.007168486730087j),(-0.3347937875836976-18.007168486729746j),(-0.3623214330676771-23.262343406853265j),(-0.3623214330677087+23.26234340685279j),(-0.36333398502915415-23.2535709836703j),(-0.3633339850292639+23.253570983670276j)
(-4.2821681295425347e-13+8.273484492986143e-14j),(-0.00021399035738348641+3.2150989805386957e-15j),(-0.07768382358677096+1.720964167854558e-12j),(-0.2594909628711527-8.703551689141738e-11j),(-0.2606747519408634-9.660656165667241j),(-0.26067475194087275+9.660656165667236j),(-0.2670805702705551-1.615332939448233j),(-0.2670805702706015+1.6153329394486717j),(-0.3005387997838437-13.886966579865252j),(-0.3005387997838884+13.886966579865243j),(-0.3015700876797699+13.878464615139196j),(-0.30157008767983784-13.878464615139146j),(-0.3202772347765081+8.059390657038863j),(-0.3202772347767153-8.059390657038492j),(-0.3371694900498575+17.976040818625457j),(-0.3371694900498761-17.976040818625457j),(-0.36333202185179486+23.50397937146075j),(-0.3633320218518474-23.503979371460787j),(-0.36426748615565846-23.495900655786425j),(-0.36426748615567534+23.49590065578654j)
(7.284971237364603e-15-3.1663734134657057e-13j),(-0.0001965597802703555-4.443875337702488e-14j),(-0.07787727060779925+8.532853785526984e-13j),(-0.25732617663828594-6.360825838226287e-12j),(-0.26182080171551286-9.674297973168997j),(-0.2618208017155321+9.674297973169116j),(-0.2711194185067993+1.5520681885496577j),(-0.27111941850684995-1.5520681885499668j),(-0.3038448465809119-8.145158207259662j),(-0.3038448465812264+8.14515820726034j),(-0.30556812859612187-14.123753862658278j),(-0.3055681285961228+14.12375386265765j),(-0.306534335601766-14.115868541420275j),(-0.30653433560207366+14.115868541419886j),(-0.33962815599356866+17.947719520372072j),(-0.3396281559936517-17.9477195203726j),(-0.36430873042912926+23.750796844314394j),(-0.3643087304292136-23.75079684431489j),(-0.365172757636125+23.743358504437403j),(-0.36517275763626494-23.743358504437445j)
(5.770106614733095e-13+8.069032096137684e-13j),(-0.00018143603518122646-3.863141406852916e-13j),(-0.07808197142039837-2.829481359921984e-12j),(-0.25503922427122-5.115033394993271e-11j),(-0.26301767357659117-9.6928836222566j),(-0.26301767357664724+9.692883622256087j),(-0.2752737840035753-1.489817888240462j),(-0.2752737840036284+1.4898178882401234j),(-0.2755155769313519+8.20444377469124j),(-0.2755155769314749-8.20444377469093j),(-0.31063976072201493+14.361195022360176j),(-0.31063976072207294-14.361195022359382j),(-0.31154688846883166-14.353874909188647j),(-0.3115468884688828+14.353874909188482j),(-0.3421672977836513-17.9223115947513j),(-0.3421672977837335+17.922311594751225j),(-0.365255022907221+24.002846602573253j),(-0.3652550229072243-24.002846602573523j),(-0.36605284230440577+23.99599922955196j),(-0.3660528423044759-23.99599922955228j)
(-5.305181224966774e-13-2.547197837816964e-13j),(-0.00016826547010303554-1.5281964153547038e-13j),(-0.07829634588045899+2.4694301843889243e-13j),(-0.2526378492410085+4.7945893289300966e-11j),(-0.2642655754170514+9.716561500137j),(-0.26426557541706547-9.716561500137223j),(-0.2795400637023992-1.428632702093083j),(-0.27954006370251083+1.4286327020927647j),(-0.2828357098266936+8.25020942825627j),(-0.2828357098269897-8.25020942825624j),(-0.31574509849200366-14.599233512174292j),(-0.31574509849213+14.599233512175145j),(-0.3165989499744235+14.59243038792706j),(-0.3165989499744678-14.59243038792712j),(-0.3447841572408011+17.899919898942233j),(-0.3447841572410488-17.899919898942233j),(-0.3661746088864099+24.260175405176017j),(-0.3661746088864919-24.26017540517503j),(-0.3669111205185427+24.253873260830723j),(-0.366911120518559-24.253873260830936j)
(-2.483193265878238e-13+6.233111654169166e-14j),(-0.0001567491129163367-6.149199651315781e-14j),(-0.07851892107733018+2.4363781231353046e-13j),(-0.2501303013840602+5.2853128232506486e-12j),(-0.26556474645195677-9.74547162542673j),(-0.2655647464520105+9.745471625426024j),(-0.2839143413567237+1.3685586516044517j),(-0.28391434135675997-1.3685586516042036j),(-0.31641040305957985+8.335430336847645j),(-0.31641040305958595-8.33543033684777j),(-0.32087388153414276-14.837824300687936j),(-0.32087388153428514+14.837824300687874j),(-0.3216801353249171+14.83149279522342j),(-0.32168013532494266-14.831492795223674j),(-0.3474757215436175+17.880642734441423j),(-0.34747572154366113-17.88064273444139j),(-0.36707153865793885-24.52282559223289j),(-0.3670715386579611+24.522825592233293j),(-0.36775129353127667+24.51702636367926j),(-0.36775129353133557-24.51702636367962j)
(-3.988647770812873e-13-5.108143787520172e-13j),(-0.00014663411799710385+5.1543135246375e-14j),(-0.07874833052763273+4.1425936802021656e-13j),(-0.24752526735403058+3.9519007422245386e-11j),(-0.26691545745933704-9.779744910858295j),(-0.26691545745938083+9.779744910857385j),(-0.28839240914804437-1.3096366872022025j),(-0.2883924091480589+1.3096366872019134j),(-0.3234800986862062-8.438560684326264j),(-0.32348009868621286+8.43856068432666j),(-0.3260137191132957+15.076936129622176j),(-0.3260137191134047-15.076936129621844j),(-0.32677802520088944-15.07103332497201j),(-0.3267780252010364+15.071033324971824j),(-0.3502387438072162+17.864573459986953j),(-0.3502387438073109-17.864573459986943j),(-0.36795013624769884-24.790834721479513j),(-0.367950136247833+24.790834721479673j),(-0.36857736218931714-24.785499266442088j),(-0.3685773621893993+24.785499266442493j)
(-8.855774314256744e-15+9.163198080078875e-14j),(-0.00013770653205590132+1.2304397961660634e-13j),(-0.07898331268395703+8.06997288477167e-13j),(-0.2448318074883417-1.8858170977854486e-11j),(-0.2683180110663467+9.819502481755205j),(-0.2683180110663712-9.819502481755572j),(-0.29296979389903693-1.251902268079559j),(-0.29296979389919053+1.2519022680795695j),(-0.3249307675313334+8.539920089691012j),(-0.32493076753134453-8.539920089690781j),(-0.3311493952912357-15.316554443420362j),(-0.33114939529152804+15.316554443419589j),(-0.33187750652672215+15.311039420708125j),(-0.3318775065267785-15.3110394207083j),(-0.3530697681010639+17.851800133262923j),(-0.3530697681010788-17.851800133262945j),(-0.3688149766168471-25.064235194125192j),(-0.3688149766169039+25.06423519412506j),(-0.3693936012205202-25.05932731460483j),(-0.36939360122075293+25.059327314604978j)
(1.8320518261858987e-13-1.7277271926966813e-13j),(-0.00012978517789681167+5.85043441631587e-14j),(-0.07922270874184836+1.0538564019582514e-12j),(-0.24205929788516817-4.356558897663693e-11j),(-0.26977274209159724-9.864855060763318j),(-0.2697727420916183+9.864855060762622j),(-0.29764178748576015+1.195384951916663j),(-0.2976417874859359-1.1953849519162572j),(-0.3253772426951859-8.643208130998127j),(-0.32537724269545765+8.643208130998351j),(-0.3362618045740982+15.556685328023493j),(-0.33626180457412963-15.556685328023704j),(-0.3369597699570215-15.551518609698556j),(-0.33695976995707605+15.551518609698643j),(-0.35596515854188004+17.842405186955965j),(-0.35596515854190813-17.842405186955506j),(-0.36967085878359107+25.343053925949462j),(-0.3696708587836504-25.3430539259494j),(-0.37020452951438615-25.338540157196963j),(-0.37020452951440275+25.33854015719725j)
(-5.051823256382013e-13+7.89612745656051e-13j),(-0.00012271648707708828+3.786294598878921e-14j),(-0.0794654598734989-1.59482778545883e-12j),(-0.23921737308561888-1.278825811525821e-12j),(-0.2712800179496943-9.915902428229431j),(-0.27128001794974127+9.915902428229575j),(-0.30240348091242236+1.1401079937831136j),(-0.3024034809125248-1.1401079937825704j),(-0.3255340856278831+8.74971536933783j),(-0.325534085628046-8.749715369336982j),(-0.34132626174040614-15.797361019580908j),(-0.34132626174046193+15.797361019580542j),(-0.3420007365217893-15.792503808801822j),(-0.3420007365218079+15.792503808802222j),(-0.3589211320429887+17.836465144814056j),(-0.3589211320431553-17.836465144813875j),(-0.37052277406225476+25.627312056507918j),(-0.3705227740623109-25.627312056507332j),(-0.3710148769258063+25.623161470023128j),(-0.37101487692584056-25.623161470022524j)
