0j,(-0.05+0j),(-0.05+0j),(-0.1+0j),(-0.10000000000000003-2j),(-0.10000000000000003+2j),(-0.15-6j),(-0.15+6j),(-0.15000000000000002-2j),(-0.15000000000000002+2j),(-0.19999999999999998-6j),(-0.19999999999999998+6j),(-0.2+12j),(-0.2-12j),(-0.20000000000000007+0j),(-0.25+12j),(-0.25-4j),(-0.25-12j),(-0.25+4j),(-0.25000000000000006+20j)
(-2.373571974167942e-13+2.882667087315598e-13j),(-0.04517284004822275+3.620531053867047e-13j),(-0.05516045393872658+1.8690437935429237e-13j),(-0.10002964239507087-2.001989078306609j),(-0.10002964239637868+2.001989078306586j),(-0.10033301987900399+2.116000245639231e-13j),(-0.14994665398159823+2.001994576044349j),(-0.14994665398168616-2.001994576044547j),(-0.150108394430273-6.001421521987113j),(-0.1501083944303679+6.001421521986563j),(-0.19980103493795026+6.547687017118954e-14j),(-0.20002548370726936-6.001427043111149j),(-0.20002548370780787+6.001427043111031j),(-0.20011771291644653-12.001326745925416j),(-0.20011771291655872+12.001326745926017j),(-0.2498892930254702+3.999434424682579j),(-0.24988929302552568-3.999434424682684j),(-0.2500347908639497+12.001332268315581j),(-0.2500347908639764-12.001332268315553j),(-0.25012075663512023-20.00129227054863j)
(9.486186531155536e-14+7.953487334050026e-13j),(-0.040677384652953064-3.9780130350133065e-13j),(-0.060653148810319524-1.8464711707610098e-13j),(-0.10011857713692894-2.0079563839859125j),(-0.10011857713701418+2.0079563839863646j),(-0.1013294385308548+3.310343738322148e-13j),(-0.1497877627743275+2.007978177181324j),(-0.1497877627744489-2.007978177181177j),(-0.15043243848786647-6.005686001724891j),(-0.15043243848792034+6.00568600172436j),(-0.19920673271245984-2.2952072455023832e-14j),(-0.2001019340633022-6.005707886943617j),(-0.20010193406352175+6.005707886943295j),(-0.2004696371298768+12.005307290743968j),(-0.20046963712990112-12.005307290742905j),(-0.24955846844654914-3.9977375496632206j),(-0.2495584684468235+3.99773754966263j),(-0.25013908750250824-12.005329180931277j),(-0.25013908750255104+12.005329180931973j),(-0.25048180624365923+20.005169375955102j)
(-6.506157862110736e-14+5.94211147779829e-13j),(-0.03650945463408494+6.958118857849205e-14j),(-0.06647440927873292+7.264312025381424e-14j),(-0.10026682599825755-2.017902105102237j),(-0.1002668259986168+2.017902105102391j),(-0.10298140484912383-7.906961059325678e-13j),(-0.149526731704195-2.017950409646371j),(-0.14952673170424355+2.017950409646679j),(-0.1509687487484805-6.0127931686370175j),(-0.15096874874856514+6.012793168637418j),(-0.1982247890288742-1.6992146830191043e-13j),(-0.20022934876799003+6.012841674753563j),(-0.20022934876807963-6.012841674753113j),(-0.20105216381480728+12.011942544557256j),(-0.20105216381481505-12.011942544557998j),(-0.24901137995993128-3.994908939956662j),(-0.2490113799599545+3.9949089399566025j),(-0.25031266256260365+12.011991061451889j),(-0.2503126625626249-12.011991061451688j),(-0.2510795227957021-20.011632185885922j)
(3.213875986377384e-13-8.666174857477266e-13j),(-0.03266240341244351-1.864341885364305e-15j),(-0.07261803043253659-9.469630642025605e-14j),(-0.1004744223935312-2.031826476441266j),(-0.10047442239364548+2.0318264764409366j),(-0.10527606922139136+3.849132273689737e-13j),(-0.14916912078823574+2.0319105756789293j),(-0.14916912078826342-2.031910575679419j),(-0.15171179867248646-6.022742533115865j),(-0.15171179867259238+6.022742533115939j),(-0.19686775871537082+6.320891836602938e-13j),(-0.20040772399893902+6.022826977817777j),(-0.20040772399895518-6.0228269778178225j),(-0.20185939241736967-12.021233988496597j),(-0.20185939241745976+12.02123398849598j),(-0.24825433438981964-3.9909479102890106j),(-0.24825433438994055+3.9909479102890635j),(-0.25055513880553876+12.021318451209387j),(-0.25055513880565167-12.021318451209414j),(-0.2519079773390729-20.020682112087798j)
(-9.564534652297476e-14-3.3161482728107584e-13j),(-0.029127302207838345-2.355585436795106e-13j),(-0.07907543876384997-6.295021046722217e-14j),(-0.10074140736654204-2.0497296686002184j),(-0.10074140736694687+2.0497296686002007j),(-0.10819592335661028+7.005048974146162e-14j),(-0.14872247782163103-2.049857614942367j),(-0.14872247782165768+2.049857614942392j),(-0.15265408135123015+6.035533332065673j),(-0.1526540813513118-6.03553333206611j),(-0.19515266861224465+2.5558649804468046e-13j),(-0.20063705442474353+6.035661794220763j),(-0.20063705442480023-6.035661794220051j),(-0.20288329578942524+12.033183624654441j),(-0.20288329578957262-12.033183624653882j),(-0.24729592381422358+3.985853581159063j),(-0.24729592381422869-3.985853581159928j),(-0.2508659916027144+12.033312112268325j),(-0.2508659916027242-12.03331211226862j),(-0.25295910353677076+20.032321055347424j)
(7.648982263460744e-14+6.780933188700598e-13j),(-0.02589317844877936-2.424524018750199e-13j),(-0.08583591366970361-1.828671036207908e-13j),(-0.10106782455152814-2.0716116459420464j),(-0.10106782455200264+2.071611645942542j),(-0.1117192495584809+1.3449157523710767e-12j),(-0.1481961169451282-2.0717900293575497j),(-0.1481961169451679+2.0717900293577465j),(-0.15378632577587603+6.051164459330372j),(-0.1537863257759706-6.051164459330007j),(-0.1931005133311883-7.387228357494248e-13j),(-0.2009173332245302+6.051343547183845j),(-0.2009173332246724-6.051343547183918j),(-0.20411393964314392-12.047793912538548j),(-0.20411393964335944+12.047793912538028j),(-0.24614680232942007+3.9796249508357917j),(-0.2461468023295692-3.979624950835732j),(-0.2512445523773729-12.04797303164726j),(-0.2512445523774534+12.047973031648215j),(-0.25422291768912925-20.046551337751414j)
(6.4479208678551865e-15-2.1641808002294764e-13j),(-0.02294729563878655+7.042629428299627e-14j),(-0.09288685876166758+2.5394247147450326e-13j),(-0.10145371458081014-2.0974720046719435j),(-0.1014537145809089+2.0974720046710265j),(-0.11582065407831277+2.4004294504088253e-13j),(-0.14760085380886842-2.0977057971516424j),(-0.14760085380900295+2.097705797151905j),(-0.15509775600711656-6.069634386708857j),(-0.15509775600734924+6.0696343867093j),(-0.1907356672866998+3.390442921311281e-15j),(-0.20124855211496756-6.069869082949067j),(-0.20124855211511414+6.069869082948415j),(-0.20553974564570687+12.065067697639034j),(-0.2055397456458401-12.065067697640346j),(-0.24481941819707143-3.972260977720654j),(-0.24481941819709732+3.9722609777208646j),(-0.25169001293775456+12.06530242678962j),(-0.2516900129378463-12.065302426789923j),(-0.2556877825464827-20.063375625838695j)
(-2.553581849494853e-13-9.137997932387932e-13j),(-0.020275461662649482+2.470724562297699e-13j),(-0.10021411009244842-1.210400594857386e-14j),(-0.1018991094617607-2.1273098030557396j),(-0.10189910946205664+2.1273098030563764j),(-0.12047165193596214-2.559667886772358e-13j),(-0.14694871012802604+2.1276022823039447j),(-0.14694871012807997-2.127602282303951j),(-0.15657638081016506-6.090941081715174j),(-0.15657638081023495+6.090941081716253j),(-0.18808525266177473-1.3410686904256072e-13j),(-0.20163070138860884-6.091234668255026j),(-0.2016307013886319+6.091234668254551j),(-0.2071477858051448-12.085008138073361j),(-0.20714778580515741+12.085008138073045j),(-0.24332771379306034-3.963760667177932j),(-0.24332771379315518+3.963760667177984j),(-0.2522014306366534-12.085301752307323j),(-0.25220143063670325+12.085301752307396j),(-0.2573407025629981-20.08279685060104j)
(-8.680607185837728e-14+7.597163090535721e-13j),(-0.017862352156829603+5.786019101337391e-13j),(-0.10240402741599056+2.161123395328414j),(-0.10240402741625501-2.1611233953279663j),(-0.10780226719273474+1.4459314823606667e-13j),(-0.1256412596767907-6.89671943257511e-12j),(-0.14625260119680727+2.161476145283607j),(-0.14625260119687344-2.1614761452831295j),(-0.15820930038798114-6.115081927780848j),(-0.15820930038807618+6.115081927780879j),(-0.18517851174293787+9.971513612939915e-12j),(-0.20206376995306474-6.1154359874309145j),(-0.2020637699532695+6.11543598743143j),(-0.20892409500224562-12.107618635034772j),(-0.20892409500265732+12.10761863503582j),(-0.24168680660200362+3.9541231571388353j),(-0.24168680660206182-3.954123157138436j),(-0.25277773428224964+12.107972708029745j),(-0.2527777342822746-12.107972708029662j),(-0.2591676374404041-20.10481813002782j)
(-4.065880499125517e-13-7.853308654300664e-14j),(-0.015691836024497148+3.508960327964529e-13j),(-0.10296846858824349-2.198910279146621j),(-0.10296846858844827+2.198910279145788j),(-0.11563503257817045-6.867646699651576e-14j),(-0.13129652580765683-1.806708138550729e-12j),(-0.145526019768911-2.1993232601251282j),(-0.14552601976899915+2.199323260125026j),(-0.1599830169981866-6.142053651533419j),(-0.1599830169982544+6.142053651533813j),(-0.18204625632282123+3.7315854651835064e-12j),(-0.20254774538798917+6.14246813914832j),(-0.20254774538824752-6.1424681391482086j),(-0.21085398857886312-12.132902772045814j),(-0.21085398857895465+12.13290277204585j),(-0.2399126644566919+3.9433477976034164j),(-0.23991266445669626-3.943347797603511j),(-0.2534177307087298-12.13331724840012j),(-0.2534177307087481+12.133317248400228j),(-0.2611538208641065+20.12944269914567j)
(4.630972416971862e-13-2.61830135056395e-13j),(-0.01374729137019703+1.4575185385790312e-13j),(-0.10359241193872135-2.240666964168417j),(-0.10359241193874888+2.240666964169331j),(-0.12369554613927074+4.286351675712344e-14j),(-0.13740284126725832-4.884555308501042e-13j),(-0.14478272871813191-2.2411386416254606j),(-0.14478272871819484+2.2411386416254193j),(-0.16188373748046236-6.171852260522207j),(-0.16188373748052218+6.171852260522398j),(-0.17872055207057508+1.4856222815798398e-14j),(-0.20308261400802172+6.172325632858562j),(-0.20308261400822447-6.172325632858392j),(-0.2129223727642205+12.160864266736045j),(-0.21292237276428033-12.16086426673548j),(-0.23802178737231897-3.9314342203415116j),(-0.23802178737238852+3.9314342203413855j),(-0.25412011191825695+12.161337593258752j),(-0.25412011191826817-12.161337593259091j),(-0.2632840722137039+20.156673851295963j)
(-6.953411604127022e-13-4.2872346632764737e-13j),(-0.012011901873128498-3.9296698536818286e-13j),(-0.10427581349756614-2.2863888664500385j),(-0.10427581349833341+2.286388866450577j),(-0.13196670238334704-5.385115432874422e-13j),(-0.14392350585027375+7.410160940855293e-12j),(-0.14403647320770047-2.286916385005677j),(-0.14403647320773574+2.2869163850055854j),(-0.16389765755740066-6.204472993648044j),(-0.1638976575574422+6.204472993647724j),(-0.17523516031217867-8.69461448926523e-12j),(-0.20366836093672844+6.205002384975129j),(-0.2036683609367795-6.205002384975367j),(-0.21511403725515085-12.1915069376297j),(-0.21511403725525113+12.191506937629464j),(-0.23603090683256633+3.918382396452272j),(-0.23603090683268657-3.918382396452388j),(-0.25488346268747186-12.19203624005608j),(-0.25488346268757456+12.19203624005586j),(-0.2655430905512514-20.18651489303604j)
(2.4915778772321124e-13+4.7852715572088835e-14j),(-0.010468925716905933-7.63500744612914e-14j),(-0.10501860603349399-2.3360702306093066j),(-0.10501860603350661+2.336070230608899j),(-0.14043144067800994+2.896808845654687e-14j),(-0.14330072090929669-2.3366496189235866j),(-0.14330072090937623+2.3366496189233j),(-0.15081588604943058+1.1170835416811045e-11j),(-0.16601121969409333-6.2399102856044015j),(-0.1660112196942438+6.239910285604163j),(-0.17162939931570906-1.121835318283538e-11j),(-0.20430497019479935+6.240491714815781j),(-0.20430497019483604-6.240491714815936j),(-0.21741392127184478-12.2248346869375j),(-0.21741392127193046+12.224834686938602j),(-0.23395671139680735-3.9041926808747003j),(-0.2339567113969384+3.904192680874911j),(-0.25570626853657163+12.225415977552602j),(-0.25570626853667333-12.225415977552716j),(-0.2679157222117552-20.21896911366302j)
(5.821072689220124e-13-2.1293177110802682e-14j),(-0.009101931465185249-4.379233835943623e-14j),(-0.10582070007178165-2.3897040791479918j),(-0.10582070007194383+2.3897040791485487j),(-0.14258843635266524-2.390330471422086j),(-0.14258843635276233+2.3903304714212408j),(-0.14907300118564631-7.276773138809758e-14j),(-0.15799763209603473-1.3283717641910801e-11j),(-0.16798195431737273+1.4333383179633256e-11j),(-0.16821133823924161-6.278157745461069j),(-0.1682113382393827+6.278157745460619j),(-0.20499242479924806-6.27878634036564j),(-0.20499242479943702+6.278786340366216j),(-0.21980734670672258-12.26085149913351j),(-0.21980734670676091+12.260851499135047j),(-0.2318156052748075-3.8888658441903274j),(-0.23181560527489214+3.8888658441899127j),(-0.25658692395329685+12.261479901048876j),(-0.25658692395331056-12.261479901049123j),(-0.27038719560547797+20.25403976908339j)
(1.8370621719854016e-13-3.3207084331975037e-13j),(-0.007894997524049933+2.986112730163484e-13j),(-0.10668198612346522+2.4472821863157352j),(-0.1066819861238627-2.447282186315905j),(-0.1419118929346901+2.447950047345354j),(-0.1419118929347302-2.447950047344985j),(-0.15787514184195708+4.192195450322172e-13j),(-0.16330330307787944-5.153923017938485e-11j),(-0.16645428458405895+5.2676645450951283e-11j),(-0.17048558770388186-6.319208148336609j),(-0.17048558770398098+6.3192081483365055j),(-0.2057307068753698-6.319878373885998j),(-0.20573070687561046+6.319878373885477j),(-0.22228021434126366+12.299561454111661j),(-0.22228021434134396-12.299561454113267j),(-0.22962350424585534+3.872403093100318j),(-0.22962350424594036-3.8724030931002833j),(-0.25752374076431683-12.300231429206802j),(-0.2575237407643268+12.300231429206313j),(-0.27294331920534565+20.29173007876839j)
(-9.39874399011678e-14+1.5605268813279154e-13j),(-0.006832873912228559-2.240970952457871e-13j),(-0.1076023379060307+2.5087950724745154j),(-0.10760233790613005-2.5087950724736294j),(-0.14128252365273208+2.5094984150239696j),(-0.1412825236527334-2.5094984150243174j),(-0.16000249818403275+3.8685216954958273e-11j),(-0.16682231426736363+2.340172594418942e-14j),(-0.1728223523043844+6.363053438188048j),(-0.17282235230441595-6.363053438187898j),(-0.17377252721974604-4.623207267270562e-11j),(-0.20651979777985205+6.363759317412439j),(-0.20651979777992976-6.363759317411889j),(-0.22481916134610466-12.340968752984677j),(-0.2248191613461223+12.340968752985566j),(-0.22739567121164062-3.8548060817177072j),(-0.22739567121179563+3.8548060817179857j),(-0.25851495655028556-12.341674322505428j),(-0.2585149565503224+12.34167432250538j),(-0.2755706409355909-20.332043233806267j)
(1.7328610602652806e-13-4.601110083790679e-13j),(-0.0059011068593638446-1.3703670159548047e-13j),(-0.10858161632302081+2.5742320141751542j),(-0.10858161632325757-2.5742320141760717j),(-0.14071080931890784-2.574964599537516j),(-0.1407108093189686+2.5749645995371555j),(-0.15616847787896648+2.7533028881770653e-11j),(-0.1752109369954337-6.409684739262131j),(-0.17521093699548274+6.409684739262074j),(-0.17589979876087405-6.336988225830176e-14j),(-0.1818589117062372-3.737349489064718e-11j),(-0.20735967823859447+6.410420058172628j),(-0.20735967823869758-6.41042005817258j),(-0.22514659196334116+3.8360769162938184j),(-0.22514659196346104-3.8360769162937625j),(-0.227411680276941+12.385077754207188j),(-0.22741168027700054-12.385077754207943j),(-0.25955874299938353+12.385812703403356j),(-0.2595587429994176-12.385812703403502j),(-0.27733899646180693-9.811347298994399j)
(9.119547064395218e-14+2.1076237339511816e-13j),(-0.0050861282131517355+3.4807996254785757e-13j),(-0.1096196739642777-2.6435810649219356j),(-0.10961967396436091+2.643581064922033j),(-0.1402062008335144-2.6443365796174647j),(-0.1402062008336689+2.6443365796174834j),(-0.15229445608842707+3.7925963548037554e-12j),(-0.17764164194108503-6.459092373687204j),(-0.17764164194120338+6.459092373687074j),(-0.1850938003681539+3.3169004645123654e-13j),(-0.19021550314358224+1.3138972281004192e-12j),(-0.20825032849368033+6.459850863953142j),(-0.20825032849373915-6.4598508639531635j),(-0.2228898906424406-3.816218156301426j),(-0.2228898906424801+3.816218156301643j),(-0.23004620140928836+12.43189301760277j),(-0.23004620140942714-12.431893017602398j),(-0.2606532141081627+12.432651078245168j),(-0.2606532141082046-12.432651078244644j),(-0.2752848490916635-9.788878108682608j)
(-6.975748236285838e-13+3.0973936097448486e-13j),(-0.0043753127063675705+1.5759183995363236e-14j),(-0.11071635990109337+2.7168290818469925j),(-0.11071635990117976-2.716829081847344j),(-0.13977706981970983+2.717601284994745j),(-0.1397770698197382-2.717601284994932j),(-0.14842736812124535-2.596040341097916e-11j),(-0.1801058036317793-6.511265882798092j),(-0.1801058036318442+6.511265882798001j),(-0.1943915093931011+8.616106713286697e-14j),(-0.19879046814424975+5.347913066831471e-11j),(-0.20919172846033673+6.512041378454217j),(-0.20919172846033926-6.512041378453995j),(-0.22063828418309006-3.7952328150780494j),(-0.22063828418316309+3.7952328150780787j),(-0.2327121414945266-12.48141935395484j),(-0.2327121414946136+12.48141935395404j),(-0.26179643413521675+12.48219436097886j),(-0.2617964341354944-12.482194360978736j),(-0.2732334265516205+9.765225636498483j)
(-1.0170208839359013e-13-2.2618316055520784e-13j),(-0.003757006854594166-1.6608966926785448e-13j),(-0.11187152459111076+2.7939617540918302j),(-0.1118715245914425-2.793961754091575j),(-0.1394306789034437-2.794744590388269j),(-0.13943067890355712+2.7947445903881847j),(-0.14459164019135012-1.9318923891436017e-12j),(-0.1825958066856312-6.566194050128888j),(-0.18259580668565437+6.56619405012879j),(-0.203781130639257-2.0503745442976844e-13j),(-0.20755433714952767+1.4580405342194718e-12j),(-0.21018385789058747-6.566980616625869j),(-0.21018385789070493+6.566980616626467j),(-0.21840357640617258+3.7731243638338894j),(-0.21840357640618932-3.7731243638336305j),(-0.23539992285790237+12.5336618781593j),(-0.23539992285800487-12.533661878158785j),(-0.2629864252288361-12.534447898734209j),(-0.2629864252288474+12.534447898734394j),(-0.271194401846521+9.74040948029802j)
(1.0402614162446139e-13+4.553308745135429e-13j),(-0.0032205336327201686-1.6024440887047044e-13j),(-0.11308502473683611-2.8749636293994585j),(-0.11308502473724923+2.8749636293997898j),(-0.13917315754431983+2.875751300540402j),(-0.13917315754433168-2.87575130054004j),(-0.1408056985457346-3.719735525168886e-12j),(-0.18510507081565072+6.6238649243558365j),(-0.18510507081567557-6.623864924355732j),(-0.21122669654268356-6.624656960048108j),(-0.21122669654279103+6.624656960049103j),(-0.21325188614391835+4.467482815448223e-14j),(-0.21619669692022642+3.749896744688119j),(-0.2161966969202959-3.749896744688012j),(-0.21648352445254873+7.812773365763287e-12j),(-0.23810096721841342-12.588626064211638j),(-0.23810096721850701+12.588626064210759j),(-0.2642211746534574+12.589417499317737j),(-0.26422117465349637-12.589417499316944j),(-0.26917643592673707+9.714450755011724j)
(-2.965698579642445e-14+2.1235480641892854e-13j),(-0.0027561771810968175-3.5190611893425715e-14j),(-0.11435672799131291-2.959818136276221j),(-0.11435672799139229+2.9598181362762137j),(-0.13708474632503026-9.340001343460385e-12j),(-0.13900945715477347-2.9606051151381663j),(-0.139009457154782+2.9606051151382564j),(-0.1876280175695298+6.684265840893107j),(-0.18762801756974704-6.684265840892746j),(-0.21232022435020637+6.685058152329635j),(-0.21232022435028572-6.6850581523297j),(-0.21402780190686038-3.725554403927848j),(-0.21402780190697157+3.7255544039279815j),(-0.2227939962968613+1.0118121618432395e-13j),(-0.22555757741391821+6.189516160130033e-11j),(-0.24080766873984932-12.646317800782052j),(-0.2408076687399002+12.646317800781457j),(-0.26549864155321795+12.647109460665016j),(-0.26549864155326486-12.647109460665222j),(-0.26718720196870344-9.687372127278177j)
(-4.714523393697711e-14+6.59244452383906e-14j),(-0.0023551516662387935-3.19267519883961e-13j),(-0.11568651743488784-3.048507599835534j),(-0.11568651743501542+3.04850759983472j),(-0.13344157767162382-4.329492202525579e-12j),(-0.1389432269483177+3.0492885445133497j),(-0.13894322694849984-3.0492885445139875j),(-0.19016002132252266-6.7473834412264155j),(-0.19016002132259874+6.7473834412263525j),(-0.2119064864291868+3.700102374671181j),(-0.21190648642928903-3.700102374671456j),(-0.21346442158645537+6.748171294564121j),(-0.21346442158664505-6.748171294564485j),(-0.23239864406422198-3.1014643723657807e-13j),(-0.23475838339093258+3.922432818847042e-11j),(-0.2435133507223031-12.706743446479663j),(-0.24351335072234473+12.706743446479482j),(-0.2652334258850176+9.65919785614574j),(-0.2652334258850225-9.659197856145852j),(-0.26681676319783637+12.707530602317549j)
(1.4804041906581412e-13-2.0155029937262575e-14j),(-0.002009558138198319-1.783059590976542e-13j),(-0.11707429579021111-3.1410132501693298j),(-0.11707429579036875+3.1410132501691748j),(-0.12988694170094983-8.886598082329243e-12j),(-0.13897645304845624+3.1417826810951572j),(-0.1389764530485488-3.141782681094586j),(-0.19269734869012087+6.81320368942863j),(-0.19269734869022362-6.813203689428658j),(-0.20984225744369858-3.6735465040164526j),(-0.20984225744372123+3.6735465040165196j),(-0.21465926901720198-6.813982840841049j),(-0.21465926901732274+6.813982840841542j),(-0.2420579266800825-1.36608678109269e-14j),(-0.24406981726126767+1.6119306460119009e-10j),(-0.24621221000087007+12.769909884228563j),(-0.24621221000092725-12.769909884228587j),(-0.26332093895275344-9.629953840524276j),(-0.2633209389527745+9.629953840525005j),(-0.268173460666695-12.770688298943329j)
(-6.584228358890273e-13+3.2664416708626054e-13j),(-0.0017123328347825389-8.553944740664177e-14j),(-0.11851998935021713+3.2373152227015867j),(-0.1185199893504537-3.2373152227018522j),(-0.1264297745316874+2.786287933206401e-12j),(-0.13910834604441932-3.238066433456284j),(-0.13910834604449002+3.2380664334571154j),(-0.1952370900971929-6.881711885586535j),(-0.1952370900972432+6.8817118855866495j),(-0.20784577491250816+3.6458942178916782j),(-0.20784577491257536-3.6458942178915397j),(-0.21590474803143445+6.8824785938153195j),(-0.21590474803143656-6.882478593815491j),(-0.24889925269647972-12.835824574548015j),(-0.24889925269648872+12.8358245745483j),(-0.25176479867534646-1.7336679452753086e-13j),(-0.2534774910748182-1.9098601355497994e-11j),(-0.26145473887600335-9.599667673735494j),(-0.2614547388760541+9.599667673733663j),(-0.26956664394115654-12.83659051596794j)
(1.9695201356074545e-13+2.5123530146935263e-13j),(-0.0014571899278074776+2.563408383595358e-13j),(-0.12002355163167715-3.3373925504009754j),(-0.12002355163171988+3.3373925504016038j),(-0.12307738538438127+3.1450994500030156e-12j),(-0.139331376769547+3.3381129649217858j),(-0.13933137676960786-3.3381129649217622j),(-0.19777708672967395-6.952892676103067j),(-0.19777708672976543+6.952892676102833j),(-0.2059329548313654-3.61715808171028j),(-0.20593295483144003+3.617158081710265j),(-0.21720084074012114+6.953643700341328j),(-0.21720084074014195-6.953643700341569j),(-0.2515702243994117+12.904495607605542j),(-0.25157022439949894-12.904495607604513j),(-0.25963905609079346-9.568368705274434j),(-0.2596390560907988+9.568368705274287j),(-0.2615130095549115-1.9698768175697306e-13j),(-0.2629684016970775-2.1712855384818256e-10j),(-0.2709942163783337-12.905245847330512j)
(4.979319742831044e-14+5.686959731302169e-13j),(-0.0012385612405895186-1.0349970815148876e-13j),(-0.11983562302511987-2.1155974763578894e-12j),(-0.12158496676965275-3.441223148146271j),(-0.12158496676981256+3.4412231481466358j),(-0.13961492893178326+3.441860948564692j),(-0.13961492893180721-3.44186094856459j),(-0.20031585558054243-7.026730061015941j),(-0.2003158555805923+7.0267300610158925j),(-0.20414146017318327+3.587384545026097j),(-0.20414146017321422-3.587384545025935j),(-0.21854753001935118+7.02746264717028j),(-0.21854753001936497-7.027462647170248j),(-0.2542215372831671-12.975931754140367j),(-0.2542215372832483+12.97593175413925j),(-0.25787742264802493+9.536088109752562j),(-0.2578774226482113-9.536088109752427j),(-0.27129703886814865-1.5324219416349912e-13j),(-0.27245407855780873-12.976663555405533j),(-0.27245407855792+12.976663555405704j)
(-2.1933288191276822e-13+1.4968872659333705e-13j),(-0.0010515349978921372+3.1444782133499776e-15j),(-0.11670903104679228-1.3226344690167881e-12j),(-0.12320425267171085+3.5487837897133976j),(-0.12320425267187789-3.5487837897130943j),(-0.14023910134155096+3.548911386016209j),(-0.14023910134159845-3.5489113860167127j),(-0.2021970426559773-3.5569571228435417j),(-0.20219704265598645+3.5569571228432206j),(-0.2028525147777836-7.103207398575074j),(-0.2028525147779398+7.103207398574793j),(-0.21994479947829856+7.103919256706738j),(-0.21994479947840606-7.103919256706284j),(-0.2561727415146772+9.50285896277843j),(-0.2561727415147081-9.502858962778596j),(-0.25685019596486314+13.05014251528244j),(-0.25685019596500813-13.050142515282218j),(-0.27394413149661556+13.050853613109574j),(-0.27394413149679125-13.050853613109567j),(-0.2784707642351301+2.5009303892570286e-10j)
(4.131593642186897e-14-2.254359110736007e-13j),(-0.0008917952397735766-4.640931718794372e-13j),(-0.11370099385932494+3.4186558583529893e-12j),(-0.12488146396025772+3.6600500780219702j),(-0.12488146396039687-3.660050078021037j),(-0.1411235154102229+3.6606425824545052j),(-0.14112351541044665-3.6606425824545012j),(-0.20018487625498355-3.5244814212342317j),(-0.20018487625525258+3.5244814212338222j),(-0.20538671090949623-7.182307407392102j),(-0.20538671090956473+7.182307407391972j),(-0.2213926333091164+7.182996682819325j),(-0.22139263330923847-7.182996682819682j),(-0.2545273546265967+9.468716323553412j),(-0.2545273546266265-9.468716323554043j),(-0.259453723146675+13.127138171114675j),(-0.2594537231466997-13.127138171114366j),(-0.2754622792378949+13.127826748207166j),(-0.27546227923797195-13.127826748207955j),(-0.2774358140925915-1.1787980198108848e-09j)
(3.1278068426745753e-13+4.576082275148196e-14j),(-0.0007555631421637108+4.6984823284815644e-14j),(-0.11081387355682193+1.6138405524077544e-14j),(-0.12661669472253279-3.774996409354698j),(-0.12661669472256246+3.774996409354894j),(-0.14172307536172335+3.775637740608593j),(-0.14172307536173404-3.775637740607961j),(-0.19865393245816693+3.491357544473074j),(-0.19865393245826227-3.4913575444732037j),(-0.20791854962480968-7.264012166513947j),(-0.20791854962488762+7.264012166514128j),(-0.22289101596454672+7.264677406699393j),(-0.22289101596463867-7.264677406699809j),(-0.2529431084624889+9.433697323835348j),(-0.2529431084625126-9.43369732383398j),(-0.26203008496686386+13.20692982720622j),(-0.2620300849669554-13.20692982720594j),(-0.27642289732294223+2.6426596988613574e-10j),(-0.27700643083029575-13.207594489815758j),(-0.277006430830327+13.207594489816124j)
(-1.411400860682039e-13+9.636837409202605e-15j),(-0.0006395411431067234+7.412248756811329e-14j),(-0.1080491372538069+1.9485540092345083e-12j),(-0.12841008109127344-3.893595932270364j),(-0.12841008109136967+3.8935959322700033j),(-0.14249461749104345-3.8942264161795737j),(-0.14249461749109316+3.8942264161792783j),(-0.1971504590983172-3.4572386413387406j),(-0.19715045909836867+3.4572386413383978j),(-0.21044853041823658+7.3483031137538415j),(-0.2104485304183297-7.348303113753497j),(-0.22443993157199946+7.348943232756474j),(-0.2244399315720135-7.348943232755755j),(-0.25142141631478737+9.397841262917133j),(-0.2514214163149366-9.397841262916417j),(-0.2645776141826851+13.289529456817084j),(-0.2645776141827012-13.289529456816373j),(-0.27544411822992376-2.652829063356373e-10j),(-0.27857450172065495+13.290169217102216j),(-0.2785745017207503-13.290169217102342j)
(-5.604675766033712e-13+2.2262739177743e-13j),(-0.0005408604891093048-3.6006438593457977e-14j),(-0.10540747438574379+4.533248105552586e-12j),(-0.1302618036629106-4.015820501894415j),(-0.13026180366316711+4.015820501894286j),(-0.1433962100314004-4.016429945442076j),(-0.14339621003147224+4.016429945442331j),(-0.19571879998975622+3.422085479838158j),(-0.19571879998977387-3.4220854798380063j),(-0.21297748618922888-7.435161042617636j),(-0.21297748618933382+7.43516104261736j),(-0.22603936294678323-7.435775284551417j),(-0.22603936294687027+7.435775284551717j),(-0.24996331678678813+9.361189708276648j),(-0.2499633167867911-9.361189708275958j),(-0.2670949256316612+13.374949931715848j),(-0.2670949256317727-13.374949931716623j),(-0.27450487385535083-3.96189168009441e-10j),(-0.2801644145900635+13.37556421014824j),(-0.28016441459008035-13.375564210148292j)
(2.68023839585018e-13+4.649920665601215e-13j),(-0.0004570325779531705-6.533818074506185e-18j),(-0.10288890373670756-1.1489716401580207e-12j),(-0.13217208976513528+4.141640630287445j),(-0.1321720897651957-4.141640630287554j),(-0.14441540081340914+4.142225882184676j),(-0.14441540081345527-4.142225882184549j),(-0.19437325746006653-3.3859020132602655j),(-0.19437325746015785+3.3859020132600905j),(-0.21550652790332983-7.524566098122472j),(-0.21550652790341202+7.524566098122888j),(-0.22768928997105398+7.525154000747685j),(-0.22768928997107343-7.525154000746847j),(-0.24856952840138088+9.323786601514513j),(-0.2485695284013975-9.323786601515003j),(-0.26958081027716746+13.463205019593998j),(-0.269580810277199-13.463205019594552j),(-0.27361001170728705-1.3796841805423003e-10j),(-0.2817740996692083-13.463793702939503j),(-0.2817740996692566+13.463793702939258j)
(1.0728181425293994e-13+1.6153617251132267e-13j),(-0.00038590428120346076+4.652638617489519e-13j),(-0.10049287017834654-6.933728672317538e-13j),(-0.1341412155661973-4.271025433480431j),(-0.13414121556623565+4.271025433480936j),(-0.14554698347833897-4.27158526265953j),(-0.14554698347841666+4.271585262659782j),(-0.1931204266963321+3.3486981189114307j),(-0.19312042669643137-3.348698118910872j),(-0.21803699447100452-7.6164977717783335j),(-0.2180369944711479+7.616497771778682j),(-0.22938968693741388+7.617059131079971j),(-0.22938968693765982-7.617059131079367j),(-0.2472405005660728-9.285678369211652j),(-0.24724050056617533+9.285678369212258j),(-0.272034077181983-13.554309268644559j),(-0.2720340771821055+13.554309268644388j),(-0.2727641615773647+1.6128751384570853e-10j),(-0.2834014945789951+13.55487293841968j),(-0.28340149457900693-13.55487293841988j)
(1.5529608862483184e-13-6.676569405332685e-13j),(-0.00032561728450616043-5.384328669424701e-14j),(-0.09821833128288686+3.271818281384684e-12j),(-0.136169508022625-4.403942575741973j),(-0.13616950802264785+4.403942575742551j),(-0.14678794810166382-4.404476534369943j),(-0.1467879481016994+4.404476534371121j),(-0.19196433602811752+3.3104856737703443j),(-0.19196433602818785-3.3104856737696955j),(-0.22057040774849457-7.710934895961416j),(-0.2205704077485002+7.710934895961752j),(-0.23114051816268338-7.711469732347713j),(-0.23114051816279843+7.711469732348874j),(-0.24597646160839218+9.246914038301089j),(-0.24597646160861186-9.24691403830224j),(-0.271971781175155-5.18731156799003e-11j),(-0.27445331654404576-13.64827743605705j),(-0.2744533165441589+13.648277436056587j),(-0.2850445437406814+13.648818225520213j),(-0.28504454374080834-13.648818225520259j)
(1.5648996293840446e-13+3.531959651682383e-13j),(-0.00027457137137008696-2.1510701247355882e-13j),(-0.0960638342032806-1.7536567161674661e-12j),(-0.1382573466423109-4.540358211623812j),(-0.13825734664254383+4.54035821162401j),(-0.14813610211298733-4.540866272642594j),(-0.14813610211306527+4.5408662726425035j),(-0.19090790746070166-3.271277843164701j),(-0.19090790746071962+3.2712778431642184j),(-0.22310843229482147-7.807855637759093j),(-0.2231084322948661+7.807855637759086j),(-0.2329417305528148-7.808364164450426j),(-0.2329417305528478+7.8083641644500155j),(-0.24477746531306743-9.20754535554048j),(-0.2447774653131347+9.207545355540669j),(-0.27123715877123067+6.40729278906414e-11j),(-0.2768373712782053-13.745121720475964j),(-0.27683737127823005+13.745121720477197j),(-0.28670119741008115-13.745646998057099j),(-0.2867011974101546+13.745646998057069j)
(-6.276162296013018e-14-3.2317644322523464e-13j),(-0.00023139149102058978-1.296219644157176e-13j),(-0.09402758329585248+3.203001859703615e-13j),(-0.14040516504515+4.680236926246312j),(-0.14040516504515485-4.68023692624649j),(-0.14958961245505592+4.6807193322764915j),(-0.14958961245514302-4.680719332276778j),(-0.18995348687658134+3.2310889352240553j),(-0.18995348687663946-3.231088935224156j),(-0.22565283963842647+7.90723749139754j),(-0.22565283963848076-7.907237491398258j),(-0.23479324055364326-7.907720086531931j),(-0.23479324055365342+7.907720086531431j),(-0.24364343874736516-9.167626910558802j),(-0.24364343874747155+9.167626910557614j),(-0.27056440632529705+1.2013413336232285e-10j),(-0.2792018390898167-13.844845540627166j),(-0.27920183908983454+13.844845540626853j),(-0.28836941038683644-13.845377875344322j),(-0.28836941038696373+13.845377875343798j)
(-1.6392684814963089e-13+7.184029432399074e-14j),(-0.0001948984024315696+2.451755195601871e-13j),(-0.09210749909748817+1.5931770900232295e-12j),(-0.14261345228052177-4.823541674307636j),(-0.1426134522806015+4.823541674307886j),(-0.15114683556843964-4.823998859090862j),(-0.15114683556849987+4.823998859090897j),(-0.18910307777331278-3.1899343963836766j),(-0.1891030777734336+3.1899343963838755j),(-0.22820548060779391+8.009057269308107j),(-0.22820548060783866-8.00905726930775j),(-0.2366949100877947+8.009514453463778j),(-0.23669491008786891-8.009514453463531j),(-0.2425742370332554+9.127216261780031j),(-0.24257423703337228-9.12721626177924j),(-0.2699574397184275+4.587022154744625e-11j),(-0.28157803739642306-13.94752874254305j),(-0.2815780373964987+13.947528742542712j),(-0.2900471404559348-13.948030724348465j),(-0.2900471404559801+13.948030724349165j)
(3.459555064520206e-14+2.2527543165744465e-13j),(-0.00016408264516451374+2.634119756048689e-13j),(-0.09030126928534765-1.4192860431521086e-12j),(-0.14488275387220634+4.970233718262211j),(-0.14488275387237246-4.970233718261662j),(-0.15280625213387086+4.970666257915042j),(-0.15280625213387242-4.970666257914649j),(-0.18835846212434104-3.147830851431591j),(-0.18835846212437188+3.147830851431843j),(-0.2307682618894804+8.113291101743666j),(-0.23076826188956903-8.113291101743066j),(-0.23864649923335396-8.113723513250351j),(-0.23864649923349548+8.113723513250923j),(-0.241569717614427-9.08637406408873j),(-0.2415697176145699+9.086374064088899j),(-0.269419956025363+1.8773140014513485e-10j),(-0.2838729219077065+14.053177554623336j),(-0.28387292190803903-14.053177554623131j),(-0.29173234661211733+14.053626723163758j),(-0.29173234661236824-14.05362672316363j)
(2.1251107593133386e-14-4.87769922258761e-13j),(-0.00013808157343641128-1.609309824401534e-13j),(-0.08860639230703897+2.637919619390073e-13j),(-0.14721367253450385-5.12027256614056j),(-0.1472136725345042+5.120272566140182j),(-0.15456644385523402-5.12068114479967j),(-0.1545664438552693+5.120681144799646j),(-0.1877212716150043+3.104796160428615j),(-0.18772127161505445-3.1047961604285805j),(-0.2333431146195187-8.219914430114379j),(-0.23334311461967022+8.219914430114352j),(-0.24062986507202183+9.045164195728105j),(-0.24062986507217554-9.045164195728594j),(-0.24064756491211936-8.22032280727548j),(-0.24064756491212794+8.220322807275505j),(-0.26895540804216866-1.233130720731381e-10j),(-0.2861264585473896+14.16177282126158j),(-0.28612645854743224-14.161772821261007j),(-0.2934229871135073-14.162188425526395j),(-0.29342298711354364+14.162188425526415j)
(2.443191381121896e-13+3.093260010541897e-15j),(-0.00011615917928949122+1.6809271350728386e-13j),(-0.08702021436927443-1.1769531247640703e-12j),(-0.14960686851034155-5.273615909499217j),(-0.14960686851059807+5.273615909498889j),(-0.15642608791024645+5.274001293027309j),(-0.15642608791034976-5.274001293027875j),(-0.18719303416554767-3.0608494829960797j),(-0.18719303416564417+3.0608494829957733j),(-0.23593197775677785-8.328901993325578j),(-0.23593197775679828+8.328901993325687j),(-0.239755054702275-9.00365387697326j),(-0.23975505470235187+9.003653876972763j),(-0.2426972176955435+8.329287180087523j),(-0.24269721769564917-8.32928718008795j),(-0.2685669636996805+2.93894553189985e-11j),(-0.28834865939019017+14.27335117893225j),(-0.28834865939020216-14.273351178932025j),(-0.2944114940323914+16.933778665768294j),(-0.2944114940324604-16.93377866576849j)
(8.892910186965688e-14-4.235767588690038e-13j),(-9.768843930368089e-05+4.6206277983685833e-14j),(-0.08553996045436099+1.018487470614415e-12j),(-0.1520630594696243+5.430219562001912j),(-0.15206305946965115-5.430219562002989j),(-0.15838395866654775-5.4305825768830776j),(-0.1583839586666017+5.430582576883518j),(-0.18677520665506084+3.016011346117544j),(-0.18677520665506292-3.0160113461174607j),(-0.23853678515869006+8.440227822521138j),(-0.23853678515879892-8.440227822521448j),(-0.23894675584796166-8.961913750525925j),(-0.23894675584798544+8.961913750526207j),(-0.24479343606162696-8.440590828040197j),(-0.24479343606176598+8.440590828039593j),(-0.26825746786881627-1.2084317252442536e-10j),(-0.2905388327839035-14.387941982131032j),(-0.29053883278399223+14.387941982131613j),(-0.2938465434200429+16.88747533073701j),(-0.29384654342005995-16.88747533073704j)
(-3.2987238044546643e-13-4.5442364035230083e-14j),(-8.213592088057561e-05-5.833491308823892e-14j),(-0.08416276001792315-7.361417705327119e-13j),(-0.15458301989316858-5.590037399232581j),(-0.15458301989318723+5.590037399233249j),(-0.16043893192236286-5.59037891518058j),(-0.16043893192243183+5.5903789151808025j),(-0.1864691990826975+2.970303713572306j),(-0.18646919908286044-2.9703037135721977j),(-0.2382100184288915+8.920017748443149j),(-0.2382100184289004-8.920017748443367j),(-0.241159451980169-8.553865234875044j),(-0.24115945198023658+8.553865234875227j),(-0.24693059496386066-8.554207560986345j),(-0.2469305949641614+8.554207560986207j),(-0.26802938759806083+7.263263192650493e-11j),(-0.29269615725117926-14.505573398460312j),(-0.29269615725125664+14.505573398460172j),(-0.2933556670017032+16.840742334028683j),(-0.29335566700172366-16.84074233402872j)
(-2.2063537581159743e-13+7.690262113605529e-14j),(-6.904840478024599e-05-9.001858811473101e-14j),(-0.08288566802483328-1.3343616911650315e-12j),(-0.15716757987344268+5.753021300338442j),(-0.15716757987347663-5.753021300338724j),(-0.16258998943033912-5.7533422159576535j),(-0.16258998943035863+5.75334221595726j),(-0.18627639287657205-2.923750055842202j),(-0.18627639287658226+2.9237500558418885j),(-0.23756726716593515-8.878040902694138j),(-0.23756726716598853+8.87804090269325j),(-0.24380186377545485+8.669786826144483j),(-0.24380186377569296-8.669786826144382j),(-0.24908568451356017-8.670113118852647j),(-0.24908568451367133+8.670113118852708j),(-0.2678847480883063+6.928963354548867e-13j),(-0.2929391979587171+16.79363756799377j),(-0.2929391979588904-16.79363756799371j),(-0.29482004544166546-14.626274517923724j),(-0.29482004544170515+14.626274517922834j)
(2.1284656098898463e-13-4.2415824355320824e-13j),(-5.8041294797034943e-05-4.020583164852113e-14j),(-0.08170568187723919+1.9264037241576265e-12j),(-0.15981762323862048+5.919121092242232j),(-0.15981762323867427-5.9191210922421655j),(-0.1648362217017497+5.919422324124554j),(-0.16483622170177242-5.919422324124851j),(-0.18619815485549523+2.8763754196026254j),(-0.18619815485552466-2.876375419603115j),(-0.23731593606843163+8.83593441352048j),(-0.23731593606891224-8.835934413521272j),(-0.2464658681026688+8.78796446289366j),(-0.24646586810270335-8.787964462893784j),(-0.25096068648694125-8.788410227711147j),(-0.25096068648727177+8.788410227711735j),(-0.26782505472500423+1.1690287381099548e-11j),(-0.292597535816963-16.746221295337932j),(-0.2925975358170194+16.74622129533743j),(-0.29691001590051214+14.75007590846807j),(-0.2969100159005196-14.750075908468089j)
(9.797818939399128e-14+1.2630212125702102e-13j),(-4.878860057616261e-05-5.132026459329035e-14j),(-0.08061975486008671-1.0861420779868229e-14j),(-0.1625340849151+6.088284497207204j),(-0.16253408491510213-6.088284497207844j),(-0.16717682698699052-6.088566966110076j),(-0.16717682698739625+6.088566966110178j),(-0.18623584772979296+2.828206495983571j),(-0.18623584772995305-2.82820649598313j),(-0.23599939364506067-8.794164258736426j),(-0.23599939364521388+8.794164258736407j),(-0.24915326817567338-8.908369274417897j),(-0.2491532681758357+8.90836927441772j),(-0.25401165844734774+8.90869011076151j),(-0.25401165844754403-8.908690110761144j),(-0.26785120155591685-1.180450144900974e-10j),(-0.29233115885941635-16.698556205953846j),(-0.2923311588594713+16.698556205953743j),(-0.29896561079353+14.877009820386943j),(-0.2989656107936002-14.877009820387046j)
(-3.319544139199094e-13+3.589898414250641e-13j),(-4.101430545729974e-05+4.3114118123657876e-13j),(-0.07962480657958794-1.3335212538204028e-12j),(-0.16531794742309724+6.26045708465212j),(-0.16531794742310402-6.260457084652288j),(-0.1696111237470261+6.260721706907539j),(-0.16961112374706386-6.260721706907261j),(-0.1863908376861736-2.779271686751277j),(-0.18639083768627618+2.7792716867513216j),(-0.2356115333837439+8.752499205915313j),(-0.23561153338391158-8.752499205915656j),(-0.25186581827505283-9.030971644255693j),(-0.25186581827513754+9.030971644255551j),(-0.2562441511797643-9.031244590658027j),(-0.2562441511799944+9.031244590658932j),(-0.26796335730260873+1.3934190395953062e-10j),(-0.2921406376191901+16.650707470089337j),(-0.29214063761919234-16.65070747008904j),(-0.30098635347680147-15.007110294168207j),(-0.3009863534768976+15.00711029416709j)
(-6.308426141196214e-14+1.6116314538430423e-13j),(-3.448494106372642e-05-1.188954590746849e-13j),(-0.078717730940529+1.229081058976598e-12j),(-0.16817023640319806-6.435582228228965j),(-0.16817023640329037+6.435582228228737j),(-0.17213853481566907-6.435829913750042j),(-0.1721385348157918+6.435829913749625j),(-0.1866644994054748+2.729601167532322j),(-0.18666449940555685-2.7296011675322474j),(-0.23518590516937135-8.711084159851653j),(-0.23518590516943125+8.711084159851644j),(-0.2546052206928655+9.15574120115532j),(-0.25460522069286806-9.155741201155294j),(-0.25862408398966497+9.155992849006203j),(-0.2586240839900084-9.155992849006832j),(-0.2681608364120212+4.871970474271027e-11j),(-0.29202665262360206-16.6027427867355j),(-0.29202665262371574+16.60274278673533j),(-0.3029717268238842+15.14041323475222j),(-0.30297172682390006-15.140413234752023j)
(5.445393149881918e-14+2.0488469745526164e-13j),(-2.9003216659301506e-05-2.3712862255663947e-13j),(-0.07789540209137498+1.3629111778157145e-12j),(-0.1710920150601254-6.61360106929384j),(-0.17109201506015634+6.613601069292982j),(-0.17475858891105617-6.613832712668485j),(-0.1747585889110579+6.613832712668404j),(-0.18705821874380169+2.6792269470720127j),(-0.18705821874399745-2.6792269470719723j),(-0.23479896643020587-8.670040788400108j),(-0.23479896643042736+8.670040788399326j),(-0.25737312403063284-9.2826468093337j),(-0.25737312403066254+9.282646809333473j),(-0.2610744992708476-9.282880897804597j),(-0.26107449927093085+9.282880897804121j),(-0.2684419414972229+2.7831921234866264e-11j),(-0.29199002331570423-16.554732425685376j),(-0.29199002331570967+16.55473242568506j),(-0.30492116259242213-15.276956470225478j),(-0.3049211625925354+15.276956470225898j)
(5.325315600040979e-13+3.9744750512248564e-13j),(-2.4402561643248102e-05-7.130104044750383e-14j),(-0.07715467880589942-9.613269395500183e-13j),(-0.17408437740987262+6.794452488030101j),(-0.1740843774100015-6.794452488030495j),(-0.17747091584076413+6.79466896379469j),(-0.17747091584078442-6.794668963794598j),(-0.18757339322306033-2.628182921462093j),(-0.18757339322312827+2.628182921462227j),(-0.23446211310180437-8.629474441969432j),(-0.2344621131018987+8.629474441969466j),(-0.2601711226896554+9.411656557849588j),(-0.2601711226898-9.411656557849666j),(-0.2635835364374188+9.411874745314762j),(-0.2635835364374824-9.411874745314732j),(-0.26880378445046926+4.82832306245342e-11j),(-0.292031764963642+16.506749260535738j),(-0.2920317649636722-16.506749260535862j),(-0.30683403728851716-15.416779800376409j),(-0.30683403728855946+15.41677980037625j)
(-4.923380413337478e-13+7.801717372853668e-13j),(-2.054246016145716e-05-2.5663801247507764e-14j),(-0.07649240767869024-3.2480894322699143e-13j),(-0.17714844021523374-6.978073083631574j),(-0.1771484402152965+6.97807308363161j),(-0.18027523818072141-6.978275242565823j),(-0.18027523818082844+6.978275242566151j),(-0.18821143042734034-2.5765049221234824j),(-0.18821143042734909+2.576504922123772j),(-0.23417838023046852-8.589493423291039j),(-0.23417838023051232+8.589493423291271j),(-0.26300075742534207-9.542737748880013j),(-0.2630007574253536+9.54273774888073j),(-0.2661477355601245+9.542941197150746j),(-0.26614773556016763-9.542941197150315j),(-0.2692420819204549+1.3831577515227211e-11j),(-0.29215322001346755-16.458868786122707j),(-0.2921532200135002+16.458868786122526j),(-0.3087096723576219-15.559925036462342j),(-0.30870967235767954+15.559925036462227j)
(-1.7779313205295994e-14-1.5244785257882913e-13j),(-1.730447023802731e-05+2.8177338873654598e-14j),(-0.07590542553198086+3.4470449464153107e-13j),(-0.18028533351395917+7.164397165080767j),(-0.1802853335139886-7.164397165080899j),(-0.18317136131267586+7.164585831201905j),(-0.18317136131274436-7.16458583120184j),(-0.1889737443672618-2.5242307562469195j),(-0.18897374436741776+2.524230756247196j),(-0.23394867820874665+8.55021032798257j),(-0.2339486782088401-8.550210327982875j),(-0.2658635168574037+9.675856884653404j),(-0.2658635168575027-9.675856884652537j),(-0.26876580484236046-9.676046569269413j),(-0.2687658048425148+9.67604656926913j),(-0.26975092339706486+9.495328071184846e-11j),(-0.2923564158380902-16.411169097910438j),(-0.2923564158381816+16.411169097910946j),(-0.31054733761119324+15.706436031919258j),(-0.31054733761137804-15.7064360319195j)
(-9.041615493406794e-14+9.364487861225173e-14j),(-1.4588829487551755e-05+2.773595573561418e-15j),(-0.07539056134514087+1.7198981770025515e-13j),(-0.18349618968635428+7.353356754259135j),(-0.18349618968657294-7.353356754258747j),(-0.18615916139053135-7.353532722252393j),(-0.18615916139054184+7.3535327222525675j),(-0.18986174984551027+2.4714002382537346j),(-0.18986174984556659-2.4714002382536546j),(-0.23377318758273583-8.511742312449801j),(-0.23377318758278226+8.511742312449565j),(-0.26876083986013405-9.810979652741649j),(-0.2687608398602864+9.810979652741665j),(-0.2703225219545121+3.499434653815113e-10j),(-0.27143722907251233+9.811156453218297j),(-0.27143722907252166-9.811156453218619j),(-0.2926452824051593+16.363730719798646j),(-0.2926452824051724-16.363730719798795j),(-0.3123462573181468+15.856358703066647j),(-0.31234625731826665-15.856358703065892j)
(-4.1697579544751416e-13+4.4751815442636456e-13j),(-1.2311569401989237e-05+3.3936916317178e-14j),(-0.07494463804249771-1.1086143967139695e-12j),(-0.1867821311758141-7.544881603270347j),(-0.18678213117590298+7.544881603270441j),(-0.18923857141250638+7.545045635610564j),(-0.18923857141253592-7.545045635610482j),(-0.1908768548444842-2.418055210749422j),(-0.19087685484455458+2.418055210749291j),(-0.23365179447638867-8.474211177199587j),(-0.2336517944765651+8.474211177199528j),(-0.2709469522543824+1.0554388230997262e-11j),(-0.2716941187654902-9.948070909401698j),(-0.27169411876566657+9.948070909401608j),(-0.2741618369005014-9.948235642164388j),(-0.27416183690073137+9.948235642163857j),(-0.29303167069839126+16.316635303095108j),(-0.29303167069844754-16.316635303095197j),(-0.31410561865332115+16.009741038541197j),(-0.31410561865343833-16.009741038541755j)
(3.142233497505939e-13+2.6784589959431216e-13j),(-1.0402060565524865e-05+1.95189031748248e-15j),(-0.0745644744113067-6.179588378771213e-13j),(-0.19014425762779744-7.738899228306852j),(-0.19014425762792342+7.738899228306492j),(-0.19202045095332385-2.364239553317504j),(-0.1920204509533602+2.3642395533175433j),(-0.19240956906147733-7.739052051103578j),(-0.19240956906154708+7.739052051103764j),(-0.23358425587013473+8.43774338646804j),(-0.23358425587035067-8.437743386467814j),(-0.2716118922079097-2.1724990579501956e-10j),(-0.2746647033179994-10.087094660512266j),(-0.2746647033181042+10.087094660512543j),(-0.2769396369620668-10.087248092927586j),(-0.27693963696215756+10.087248092927657j),(-0.2936061541462848+16.269933230156152j),(-0.29360615414628843-16.269933230156212j),(-0.31582458232248456+16.166633095927136j),(-0.31582458232258404-16.166633095927686j)
(-1.9746840139742784e-13-1.5139334382354136e-13j),(-8.8009302411637e-06+1.0152146218393607e-13j),(-0.07424688735678774+1.0105713647755926e-12j),(-0.1932939018464627+2.3099991774268585j),(-0.19329390184654516-2.309999177426743j),(-0.19358363671151282+7.935334963860802j),(-0.19358363671157877-7.93533496386081j),(-0.19567215862320542+7.935477281064453j),(-0.19567215862328935-7.935477281064464j),(-0.23357026569576114-8.402470045842252j),(-0.23357026569576256+8.402470045842481j),(-0.27230239667315653-3.750462653328952e-10j),(-0.2776739054503428-10.228014039603792j),(-0.27767390545047954+10.22801403960385j),(-0.27977074762732035+10.228156896814506j),(-0.279770747627437-10.22815689681485j),(-0.2937165867141097-16.223784178862285j),(-0.293716586714176+16.223784178862083j),(-0.31668871202937976+6.092833088704643j),(-0.316688712029448-6.092833088704503j)
(-3.2624982854117277e-13-2.5903606599220627e-13j),(-7.458299049478792e-06-1.2017214318862064e-13j),(-0.07398869476234286-6.897766025041298e-13j),(-0.19469852984196323-2.2553820056374407j),(-0.1946985298420166+2.2553820056375207j),(-0.1971013353132942-8.134112059415742j),(-0.19710133531343713+8.134112059415443j),(-0.19902631041601865+8.134244510577608j),(-0.19902631041607022-8.134244510577687j),(-0.23360944064918335+8.36852682207599j),(-0.23360944064923347-8.368526822076202j),(-0.2730007332689721+1.5035951045152473e-10j),(-0.28072300488535934+10.370791282534471j),(-0.28072300488545393-10.370791282534736j),(-0.28265536482049697+10.370924251186166j),(-0.2826553648207535-10.370924251186427j),(-0.2944569783990569+16.178303010788035j),(-0.2944569783991052-16.178303010788255j),(-0.3161564419945806+6.113463805776801j),(-0.3161564419946326-6.11346380577695j)
(1.7743805828089126e-13+1.509503045348118e-13j),(-6.332284615300641e-06+4.554003161099111e-13j),(-0.07378671901140048-4.4562747430161243e-13j),(-0.19623560057795392+2.2004379332499995j),(-0.19623560057801653-2.200437933249766j),(-0.20069749537776516-8.335153973149893j),(-0.2006974953779521+8.335153973149913j),(-0.2024720052378792+8.335274891348678j),(-0.20247200523800601-8.335274891348014j),(-0.23370224202131748+8.336051651917865j),(-0.2337022420216021-8.336051651918021j),(-0.2736863315230137+2.2215775029555524e-11j),(-0.28381325552650083-10.515387698033528j),(-0.28381325552652154+10.515387698033717j),(-0.28559374737839494+10.515511428622009j),(-0.28559374737862914-10.51551142862192j),(-0.2951784087844035+16.13348447352609j),(-0.2951784087844311-16.133484473525975j),(-0.3156290641698311-6.135883836992174j),(-0.3156290641698461+6.135883836992563j)
(-3.1710292133237473e-14-4.7588229340293545e-15j),(-5.38773806811782e-06+1.5469673455915742e-13j),(-0.07363779139378031-1.1370579405453865e-13j),(-0.19790630587088165+2.1452187705099144j),(-0.19790630587088376-2.1452187705096755j),(-0.2043739039951117-8.53837292380127j),(-0.2043739039952977+8.538372923800921j),(-0.2060091711358513+8.538487696085797j),(-0.20600917113589548-8.538487696085507j),(-0.23384739247921285+8.305196178771j),(-0.23384739247923267-8.30519617877058j),(-0.2743359079819438-1.7350181774774116e-10j),(-0.2869458928173751+10.661763633272331j),(-0.28694589281745786-10.66176363327244j),(-0.288586211477079-10.661878741874476j),(-0.28858621147708835+10.66187874187409j),(-0.29597000876008556-16.089464934379308j),(-0.29597000876011753+16.089464934379187j),(-0.31510554489802084+6.160185155634908j),(-0.3151055448980719-6.160185155634685j)
(-3.229256232387754e-13+6.529418110054762e-14j),(-4.5951753257856635e-06+2.7929172725009484e-13j),(-0.07353875737524362-6.918631909536657e-13j),(-0.19971174485371307+2.089778163502004j),(-0.19971174485381987-2.089778163501923j),(-0.2081312455418438-8.743693657526597j),(-0.2081312455419892+8.7436936575276j),(-0.2096376543182938+8.743800447845574j),(-0.20963765431830503-8.743800447845254j),(-0.23404460384206927-8.2761019599492j),(-0.23404460384215764+8.276101959949774j),(-0.2749238143396156+2.823181600525309e-12j),(-0.2901221421884866-10.809878433514049j),(-0.2901221421886436+10.809878433514134j),(-0.29163313038758476+10.809985503240059j),(-0.2916331303877401-10.809985503240293j),(-0.2968436293903962+16.046345381735826j),(-0.29684362939057396-16.046345381735513j),(-0.31458485418224535-6.18646207251555j),(-0.3145848541822969+6.186462072515903j)
(-5.261204975616879e-13+2.275266196385217e-13j),(-3.929875856502726e-06+1.3110541849443029e-14j),(-0.07348648280877305-6.497772478146907e-14j),(-0.20165290352559045-2.034171491927812j),(-0.20165290352575566+2.034171491927758j),(-0.21196956858901417-8.951029763804224j),(-0.21196956858905625+8.951029763804426j),(-0.2133571920094731+8.95112910105204j),(-0.21335719200955322-8.951129101052057j),(-0.2342940849785739-8.248924110137462j),(-0.23429408497876264+8.248924110138052j),(-0.2754226728510696+4.8375392095360704e-11j),(-0.29334322876741037-10.959690394613338j),(-0.2933432287675192+10.959690394613602j),(-0.2947349378510238+10.959789976950827j),(-0.2947349378511091-10.959789976950285j),(-0.29780324772346767+16.004227133099032j),(-0.2978032477237371-16.004227133099246j),(-0.3140659774465882+6.2148111410354145j),(-0.31406597744670206-6.214811141035522j)
(4.0984189342274337e-13-3.390466309313214e-13j),(-3.3711212935969044e-06+3.0045686928260427e-13j),(-0.07347786101112572+1.076186552714962e-12j),(-0.20373063289259097-1.9784557420525308j),(-0.20373063289261195+1.9784557420528353j),(-0.21588927089901375+9.160295856861515j),(-0.215889270899089-9.160295856861653j),(-0.21716737874542671+9.160388256391448j),(-0.21716737874558179-9.160388256390851j),(-0.2345955274054629+8.223819064531469j),(-0.23459552740552203-8.223819064531416j),(-0.27580430537317346+5.837027395070222e-11j),(-0.29661038861313604+11.111156706885401j),(-0.296610388613459-11.111156706884975j),(-0.29789213435509815+11.11124932300643j),(-0.29789213435533207-11.111249323006229j),(-0.2988509335770361+15.963213223896535j),(-0.29885093357705755-15.96321322389677j),(-0.3135479247159686-6.2453310510405045j),(-0.3135479247160434+6.245331051040958j)
(5.263507301686962e-13-5.579697712193148e-13j),(-2.901554044714131e-06-6.857343272327042e-14j),(-0.07350982067972765+1.1402184962680932e-12j),(-0.2059456259308106+1.9226893532921425j),(-0.20594562593089122-1.9226893532920217j),(-0.21989045542407085-9.371405462080842j),(-0.219890455424207+9.371405462080686j),(-0.22106762946212566-9.371491412305602j),(-0.22106762946225617+9.37149141230553j),(-0.23494871609077386-8.200946622642567j),(-0.23494871609093335+8.200946622642626j),(-0.27604093046562916+8.910827070794316e-11j),(-0.2999248818101312+11.264233388506861j),(-0.29992488181013915-11.264233388506934j),(-0.2999880455012567+15.923408455154744j),(-0.2999880455013477-15.923408455155172j),(-0.30110529613390336-11.264319530589594j),(-0.3011052961339672+11.264319530589615j),(-0.3130297351995044+6.278122516241394j),(-0.31302973519955396-6.278122516241631j)
(-5.079839537527832e-13-3.2033499091780625e-13j),(-2.506637752831859e-06+2.0965575978191976e-13j),(-0.07357933448963654+2.602477271464823e-13j),(-0.20829839365872108+1.8669320371054108j),(-0.20829839365886005-1.8669320371051923j),(-0.2239729487170765-9.584271294307134j),(-0.22397294871717127+9.584271294306573j),(-0.2250571394974992+9.584351256765553j),(-0.22505713949752143-9.584351256765018j),(-0.23535347419055283-8.180469586928746j),(-0.2353534741905748+8.180469586929044j),(-0.27610652661044216+7.904881158449334e-11j),(-0.3012155680546063+15.884919238323073j),(-0.30121556805472466-15.884919238322958j),(-0.3032880078728315-11.418875206179951j),(-0.30328800787291077+11.41887520617951j),(-0.3043750870366221+11.418955338752193j),(-0.3043750870366504-11.418955338751438j),(-0.3125104741517642+6.313288163310465j),(-0.3125104741519152-6.313288163310634j)
(-8.609073396715001e-14+2.847775151469415e-13j),(-2.1742020969802825e-06-2.508598306390412e-14j),(-0.07368342825323666-4.392625423226983e-14j),(-0.21078924066278312-1.8112445671732167j),(-0.21078924066280763+1.8112445671735373j),(-0.22813626819236416-9.79880559247225j),(-0.22813626819243202+9.798805592472146j),(-0.22913484126481518-9.798880002915185j),(-0.22913484126497746+9.79888000291514j),(-0.23580965519005098-8.162553333799782j),(-0.2358096551900616+8.16255333379931j),(-0.27597819679566093-9.144895346690689e-11j),(-0.30253422107561073-15.847853373833821j),(-0.3025342210757789+15.847853373833594j),(-0.3067011240608288+11.575035580199119j),(-0.30670112406095645-11.575035580198982j),(-0.3077022737091612-11.575110141514434j),(-0.30770227370935194+11.575110141514662j),(-0.3119892170538581-6.350932436114667j),(-0.31198921705411714+6.350932436114898j)
(-4.121728349506882e-13-5.1155603832852304e-14j),(-1.8940612678912343e-06+1.1108309214322887e-13j),(-0.07381919042012364+7.877769724077188e-13j),(-0.21341824048765545-1.7556885401657687j),(-0.2134182404878254+1.7556885401657023j),(-0.23237957943777418-10.014920502820152j),(-0.23237957943795434+10.014920502820633j),(-0.23329935720352082+10.014989772498089j),(-0.23329935720356393-10.014989772497865j),(-0.23631714097303522+8.147365327803573j),(-0.2363171409730648-8.147365327803366j),(-0.2756373528758313-5.2542244471825615e-11j),(-0.30394449267867896+15.812319790167457j),(-0.3039444926787619-15.812319790167841j),(-0.31016566739197093+11.732666470336685j),(-0.310165667392002-11.732666470336936j),(-0.31108774477139894+11.73273587379245j),(-0.31108774477182227-11.73273587379252j),(-0.31146501300190904-6.391161537243108j),(-0.3114650130019472+6.391161537243067j)
(1.8304563542658932e-13-5.030685270668475e-13j),(-1.6576916240495581e-06-1.6204050616242647e-13j),(-0.07398378174710019+1.6273267318486756e-12j),(-0.21618521135407903-1.7003261068306368j),(-0.21618521135409274+1.700326106830748j),(-0.23670164771946983+10.232528514416792j),(-0.23670164771947305-10.23252851441711j),(-0.23687584113190666-8.13507457982709j),(-0.2368758411319254+8.135074579826988j),(-0.2375489483983515-10.232593031476283j),(-0.2375489483984607+10.232593031476439j),(-0.275070529748408-5.414082708525156e-11j),(-0.3054466426823267+15.778428250686098j),(-0.30544664268237287-15.778428250685895j),(-0.3109368135440481+6.434083443609052j),(-0.3109368135442045-6.434083443608908j),(-0.3136831814180218+11.891718237940864j),(-0.31368318141811535-11.89171823794094j),(-0.31453253499769174+11.89178287353207j),(-0.31453253499788475-11.89178287353244j)
(-3.7721931740162936e-13-6.948968985714156e-13j),(-1.4579632135508354e-06+5.680142712674209e-14j),(-0.07417444487680061+1.1904131252228769e-12j),(-0.21908969272503803+1.6452196735956248j),(-0.21908969272516873-1.6452196735956792j),(-0.23748569261106003-8.125851050600936j),(-0.2374856926110641+8.125851050600668j),(-0.24110078371619967+10.451542951988309j),(-0.241100783716292-10.451542951987987j),(-0.24188145790211085+10.451603082929529j),(-0.2418814579021335-10.45160308292936j),(-0.27426973164823815-1.504834440492153e-10j),(-0.30704069367700726+15.746289031186349j),(-0.30704069367703113-15.746289031185913j),(-0.3104033426669756+6.479808058485645j),(-0.3104033426671013-6.479808058485615j),(-0.3172553491887805-12.05213947836305j),(-0.3172553491890875+12.05213947836328j),(-0.31803785589857114-12.052199714189825j),(-0.3180378558986384+12.052199714189419j)
(1.8600595656627046e-13+3.7722171735969505e-13j),(-1.2889116606090955e-06+1.0746560036986402e-13j),(-0.07438851364172575-3.750616714717079e-13j),(-0.22213092328939874-1.5904315753961666j),(-0.2221309232895014+1.5904315753962694j),(-0.238146659457586-8.119865001891297j),(-0.2381466594576764+8.119865001890911j),(-0.24557478234615637-10.67187853240372j),(-0.24557478234620442+10.6718785324037j),(-0.24629424748058723-10.671934623593323j),(-0.2462942474807976+10.671934623593772j),(-0.2732322994277532+1.1743136996837433e-10j),(-0.3087264170934538+15.716012570287084j),(-0.30872641709350246-15.716012570287655j),(-0.3098628629291722-6.528447608966268j),(-0.30986286292934456+6.528447608966546j),(-0.32088403434827917+12.213876816050119j),(-0.3208840343483833-12.213876816050101j),(-0.3216051346271584-12.213932999870986j),(-0.32160513462719775+12.213932999871416j)
(-6.215472971538951e-13+9.631972385654991e-14j),(-1.1455496343340115e-06+3.947706881186328e-15j),(-0.07462342181395262+3.2876975735023103e-13j),(-0.22530782095923083-1.5360237209792735j),(-0.2253078209592417+1.5360237209799013j),(-0.2388587326183183-8.11728629903226j),(-0.23885873261834115+8.11728629903209j),(-0.2501208526757816-10.893451992857708j),(-0.25012085267591916+10.893451992858937j),(-0.2507841256171702+10.893504372140855j),(-0.2507841256172725-10.893504372140603j),(-0.27196037740204143+1.7247137101846758e-10j),(-0.30931274987124285-6.580117487063207j),(-0.3093127498713537+6.580117487063666j),(-0.31050331791890934-15.687709094900187j),(-0.31050331791898045+15.687709094900695j),(-0.32457133303564656+12.376874652230022j),(-0.3245713330356502-12.376874652229459j),(-0.3252360638771727+12.376927113106156j),(-0.3252360638772272-12.376927113106603j)
(-2.264682032715697e-13+4.558313796996794e-13j),(-1.0237059807581594e-06-3.303023337595981e-14j),(-0.0748767111833433-2.91964168203869e-13j),(-0.228618965504416+1.482057212511822j),(-0.22861896550447908-1.482057212511483j),(-0.23962192976350968+8.11828366978623j),(-0.2396219297635594-8.11828366978546j),(-0.2547355358137146-11.116182801455931j),(-0.254735535813741+11.116182801455562j),(-0.25534726368438665-11.116231779865231j),(-0.25534726368441363+11.116231779865375j),(-0.2704601263202197+9.374531135159416e-12j),(-0.30874869213589917-6.634937912961728j),(-0.30874869213600015+6.634937912961712j),(-0.31237062014394423+15.661488223514532j),(-0.31237062014397105-15.661488223514388j),(-0.3283196403173581-12.54107485184172j),(-0.3283196403173835+12.541074851842032j),(-0.3289326665095535+12.54112390186968j),(-0.32893266650962083-12.541123901869565j)
(4.605799023385292e-13+4.767207124049085e-13j),(-9.198927121217646e-07-9.300405137830628e-15j),(-0.07514603865418891-9.603224688522167e-13j),(-0.23206258443698302-1.4285919418420496j),(-0.23206258443701197+1.4285919418418935j),(-0.24043629513925738+8.123023925858329j),(-0.2404362951393939-8.123023925858552j),(-0.2594146061253521+11.339993964808594j),(-0.2594146061253756-11.339993964807853j),(-0.2599790956332934+11.340039838430801j),(-0.2599790956334157-11.340039838430982j),(-0.26874083459424075-1.764258495737607e-10j),(-0.3081631092420692-6.693037187301607j),(-0.3081631092421962+6.693037187301442j),(-0.31432725430621355-15.637458550641053j),(-0.3143272543063136+15.637458550640815j),(-0.3321317364139049+12.706416351730606j),(-0.3321317364139775-12.706416351730986j),(-0.3326973801783719+12.706462287921182j),(-0.33269738017839845-12.706462287920646j)
(-2.1326737236565142e-13-9.902856429792265e-14j),(-8.311935162341958e-07-2.393548720493931e-13j),(-0.07542918234085857-4.2985515755230586e-14j),(-0.23563654274068774+1.375686166304568j),(-0.23563654274086102-1.3756861663049742j),(-0.24130189945016112-8.131671154780243j),(-0.24130189945016714+8.131671154780511j),(-0.2641529487660524+11.564812953126012j),(-0.2641529487660952-11.564812953125864j),(-0.26467419422920974-11.564856005169991j),(-0.2646741942292566+11.56485600516939j),(-0.2668140540549941-4.6556870572172896e-11j),(-0.3075417902248038+6.754558200651278j),(-0.3075417902249086-6.754558200651372j),(-0.31637184812999936-15.615727216390916j),(-0.3163718481300609+15.615727216390749j),(-0.33601090027688446+12.872834665613j),(-0.33601090027692004-12.872834665613084j),(-0.33653316954129375+12.872877771965205j),(-0.3365331695414036-12.87287777196556j)
(3.576891102986226e-13+6.164433465865166e-14j),(-7.55169029185841e-07+2.414349335962535e-13j),(-0.07572404646543636-5.557925976946886e-13j),(-0.23933833698992257-1.3233960673499534j),(-0.23933833699005624+1.3233960673501863j),(-0.24221883977580466+8.144385891082823j),(-0.24221883977590652-8.144385891082552j),(-0.26469285019215805-2.5175650844721152e-11j),(-0.26894440299002154-11.790572772038441j),(-0.26894440299021316+11.790572772038455j),(-0.2694261133233468+11.790613275193671j),(-0.2694261133234957-11.790613275194177j),(-0.3068560316514926-6.8196721566971465j),(-0.3068560316515333+6.819672156697312j),(-0.31850272102700505+15.596399465766373j),(-0.3185027210270539-15.59639946576628j),(-0.3399610615564003+13.040261251926399j),(-0.3399610615564735-13.040261251925955j),(-0.3400945286833567+19.893512704127616j),(-0.3400945286834538-19.893512704128046j)
(-2.6987294645133103e-13+2.695901828500746e-13j),(-6.897792357741642e-07+1.2142275572660776e-18j),(-0.07602866497627549+1.0904743021982829e-13j),(-0.24316509432542785+1.271775295618689j),(-0.24316509432543065-1.2717752956183943j),(-0.24318723953079108-8.161324276863281j),(-0.2431872395308311+8.161324276862885j),(-0.2623911997648147-7.1334890170424506e-12j),(-0.2737815551692558+12.017213223547046j),(-0.27378155516942076-12.017213223546786j),(-0.27422718018165326+12.017251442779356j),(-0.27422718018180225-12.017251442779111j),(-0.30604168539006815+6.88860993993525j),(-0.3060416853903327-6.888609939934744j),(-0.3207178830614026+15.579578202828321j),(-0.32071788306164356-15.579578202828142j),(-0.3409527326314744+20.133440195769964j),(-0.3409527326315085-20.133440195770323j),(-0.34136869929457303+20.133472146271654j),(-0.3413686992946333-20.13347214627104j)
(-2.271728744287688e-13+4.221387622709876e-13j),(-6.333168618681668e-07-1.1246958305611597e-13j),(-0.07634120389842508-6.513382498282705e-13j),(-0.24420724846887812-8.182637222770847j),(-0.244207248468942+8.182637222771294j),(-0.24711357665704342+1.220874506212987j),(-0.24711357665708625-1.2208745062127297j),(-0.2599235457037983+4.8381784689688345e-11j),(-0.2786554567519473-12.244682418608905j),(-0.2786554567520813+12.244682418609342j),(-0.27906821319191205-12.24471861457998j),(-0.27906821319191255+12.244718614579886j),(-0.3049320416298861-6.961742332021767j),(-0.30493204163031573+6.961742332021814j),(-0.3230150388268522+15.56536354535188j),(-0.3230150388269245-15.565363545351614j),(-0.3417810858001735+20.37818419913369j),(-0.3417810858002803-20.378184199132804j),(-0.3421624297380531-20.37821364779092j),(-0.34216242973812716+20.37821364779081j)
(-1.2272780547600378e-13-1.9575375484447244e-13j),(-5.843536779160332e-07-1.8605646110243756e-13j),(-0.07665996237035559-5.6745986468022455e-14j),(-0.24527904274462567+8.208469581135516j),(-0.24527904274462933-8.20846958113508j),(-0.25118019033812106+1.1707408878548584j),(-0.25118019033822936-1.1707408878547574j),(-0.2573044877866948-4.268001497760308e-11j),(-0.2835552281594561+12.472938634824658j),(-0.28355522815951656-12.472938634824953j),(-0.2839381261306399-12.47297306828221j),(-0.2839381261307838+12.472973068282117j),(-0.30297397611233423+7.039813414735698j),(-0.30297397611238824-7.039813414736009j),(-0.3253915965292937+15.55385238593698j),(-0.3253915965293255-15.55385238593686j),(-0.3425830834183155+20.62779653347613j),(-0.34258308341838833-20.627796533476072j),(-0.34293263011976366-20.62782366878999j),(-0.34293263011977293+20.62782366879025j)
(-9.849301224175906e-15+8.743581513216601e-13j),(-5.416930536404577e-07+1.1107953714626336e-13j),(-0.07698337242767436-1.670557355643032e-12j),(-0.24640282503562103+8.238959343360571j),(-0.24640282503562855-8.23895934335999j),(-0.25454858275777886-5.7103063533984124e-11j),(-0.2553610014101711+1.1214176892925065j),(-0.25536100141023543-1.1214176892922219j),(-0.2884674858105902-12.701952661584423j),(-0.28846748581070936+12.701952661584782j),(-0.2888233564554979-12.701985599229701j),(-0.2888233564557253+12.701985599229602j),(-0.29736107265721495+7.124464466457254j),(-0.2973610726574838-7.12446446645719j),(-0.3278446824100551+15.545137965749115j),(-0.32784468241022224-15.545137965749584j),(-0.34336254480564454-20.882325171783076j),(-0.3433625448056934+20.882325171783517j),(-0.3436828950154583-20.88235016886243j),(-0.3436828950154767+20.882350168861866j)
(-2.8322131729086267e-13+1.5153565193613483e-13j),(-5.043322873309519e-07+4.8468049074282385e-14j),(-0.07730999758014653+1.602883814176212e-13j),(-0.2475788247327589+8.274236873791873j),(-0.24757882473276072-8.274236873791935j),(-0.25167022676566775-7.618293609709253e-11j),(-0.2596517563611608+1.072943745640723j),(-0.25965175636127935-1.0729437456410946j),(-0.2757269201046491-7.2060316472615185j),(-0.27572692010485367+7.20603164726166j),(-0.29337548811387576+12.931710853814913j),(-0.29337548811392145-12.931710853814607j),(-0.29370701391558923-12.931742576520074j),(-0.29370701391560644+12.93174257652j),(-0.33037116047567383-15.53930946709531j),(-0.3303711604757343+15.539309467094892j),(-0.3441235941877121-21.14181385070132j),(-0.3441235941877326+21.141813850701435j),(-0.344417141243324-21.141836872142562j),(-0.3444171412433741+21.14183687214279j)
(-2.0417152371402763e-13+2.944208662421001e-13j),(-4.714310117219091e-07-1.904423586128681e-13j),(-0.07763853030608231-7.051709819745204e-13j),(-0.2486835887757199-1.6887830923181107e-11j),(-0.24880729820997075-8.314424191945022j),(-0.24880729821010286+8.314424191945191j),(-0.26404790816993473+1.0253530063051157j),(-0.26404790816999757-1.0253530063052756j),(-0.2703984526206405+7.261693781743472j),(-0.2703984526207764-7.261693781744002j),(-0.29825782161628556-13.162219246293425j),(-0.2982578216164564+13.162219246293121j),(-0.298567571488593+13.162250061193603j),(-0.2985675714886167-13.16225006119357j),(-0.3329676573241767-15.536451630897666j),(-0.3329676573243896+15.536451630897927j),(-0.3448706363697399-21.406301704330406j),(-0.34487063636984805+21.406301704331483j),(-0.34513958222680624+21.406322901117274j),(-0.34513958222688856-21.40632290111698j)
(4.740063767436512e-13-1.361547532762196e-13j),(-4.422830646992408e-07+3.215663432172575e-13j),(-0.07796778854810568-2.92558869347791e-13j),(-0.24560257927273704+2.1170675221427747e-11j),(-0.25008852917569563+8.359634314346224j),(-0.25008852917575736-8.359634314345929j),(-0.2685446472460521-0.9786740645541437j),(-0.26854464724609844+0.9786740645544132j),(-0.29612006401269+7.344462546898896j),(-0.29612006401269964-7.344462546898781j),(-0.30308630756290444+13.393509305140988j),(-0.3030863075629744-13.393509305140766j),(-0.30337678036149673-13.39353956435243j),(-0.30337678036163584+13.393539564352366j),(-0.3356305916882722+15.536644404818597j),(-0.3356305916882952-15.536644404818453j),(-0.3456083281390645+21.675822927473895j),(-0.3456083281391283-21.675822927474993j),(-0.3458546977043344+21.675842439832238j),(-0.345854697704386-21.675842439832042j)
(2.307999855538075e-15+4.3156889315332784e-13j),(-4.1629536089338766e-07+1.2656777242083563e-14j),(-0.07829671135114037-8.453045177625172e-13j),(-0.2424408346912827+2.4543833251494684e-11j),(-0.25142282911585456-8.40997066616659j),(-0.2514228291159898+8.409970666166696j),(-0.27313693670769473+0.9329296866821336j),(-0.2731369367079843-0.9329296866822859j),(-0.30245190145853806-7.447214054237044j),(-0.3024519014586935+7.447214054237424j),(-0.30782252863966897-13.625646293738303j),(-0.30782252863984927+13.625646293738557j),(-0.3080962116004895-13.625676425091267j),(-0.3080962116005046+13.625676425091301j),(-0.3383562081373034+15.539962627250068j),(-0.3383562081373216-15.539962627249812j),(-0.346341543647128+21.95040647479248j),(-0.34634154364732306-21.950406474791905j),(-0.3465671993354256-21.950424431488415j),(-0.3465671993355985+21.95042443148814j)
(7.012358978027822e-14+2.1363393923056783e-15j),(-3.9296851943988086e-07-9.992606933151215e-14j),(-0.0786243538023869-3.3267969836410466e-13j),(-0.23921170878653786-4.2418429879731434e-12j),(-0.25281053783114016+8.465526571523062j),(-0.2528105378311498-8.465526571522899j),(-0.27781955130999075-0.888136335765594j),(-0.27781955131000186+0.8881363357652341j),(-0.30357020372394833+7.549590653252567j),(-0.3035702037239586-7.549590653252783j),(-0.3124117819866208-13.858741977217859j),(-0.3124117819869032+13.858741977217658j),(-0.31267123671179986+13.858772538380853j),(-0.3126712367119231-13.858772538381281j),(-0.3411406142028111+15.546475751748064j),(-0.341140614202817-15.546475751748702j),(-0.3470753382125693-22.230075793235354j),(-0.3470753382127517+22.23007579323441j),(-0.3472819928931193+22.230092314705878j),(-0.3472819928931611-22.230092314706095j)
(-4.953306170035141e-13-3.0470513725565466e-13j),(-3.7188112734417244e-07+7.879648916003578e-14j),(-0.07894988136701409+1.1968723660708063e-12j),(-0.23592826221851262-6.436403813015757e-11j),(-0.2542520240716152+8.526384829599905j),(-0.2542520240716558-8.52638482960043j),(-0.28258711919845697+0.8443036811029504j),(-0.28258711919851964-0.8443036811029841j),(-0.30383605825129134+7.654328111707135j),(-0.30383605825132404-7.654328111707155j),(-0.3167719112530111+14.092974850767126j),(-0.3167719112530388-14.092974850766318j),(-0.31701991480988495-14.09300663406296j),(-0.3170199148100926+14.093006634063471j),(-0.34397981992971144+15.556247615667624j),(-0.34397981992973603-15.556247615667335j),(-0.3478149102738454+22.51484860422284j),(-0.34781491027399586-22.514848604222358j),(-0.34800413785015394+22.514863801925355j),(-0.3480041378501882-22.514863801925504j)
(1.2564133304540008e-13-2.849691415329801e-13j),(-3.5267718109863407e-07+8.763641966963944e-14j),(-0.07927256380627744+1.810690486436721e-12j),(-0.2326032479759993-3.136127219249707e-11j),(-0.25574768626946537+8.592617381907802j),(-0.2557476862694881-8.592617381907935j),(-0.28743416559538865-0.8014340791759037j),(-0.287434165595442+0.8014340791757089j),(-0.30388584141096336+7.762442589941224j),(-0.30388584141117647-7.7624425899413j),(-0.3207710915264064+14.328624080018567j),(-0.320771091526905-14.328624080018114j),(-0.32101090538780525-14.328658349278856j),(-0.32101090538796423+14.328658349278665j),(-0.346869778248049-15.569336255890283j),(-0.3468697782481085+15.569336255890143j),(-0.3485655584238361-22.8047367254555j),(-0.3485655584238632+22.804736725455438j),(-0.34873880525313466-22.80475070247636j),(-0.348738805253193+22.804750702475673j)
(2.9053301381323586e-13+6.594415642129932e-13j),(-3.3505509256882833e-07-2.0304325276852645e-13j),(-0.07959176878102903-2.102841989079507e-12j),(-0.22924909002609073-1.3410561929237552e-11j),(-0.25729795336606415-8.66428507392429j),(-0.2572979533660904+8.664285073923864j),(-0.29235515745414276+0.7595220047720874j),(-0.292355157454228-0.759522004772154j),(-0.3038858219995187-7.874346956386416j),(-0.30388582199954195+7.874346956386443j),(-0.32417917433360216-14.566129684169379j),(-0.32417917433393145+14.566129684169322j),(-0.32441520153784564-14.566168932543487j),(-0.32441520153819065+14.566168932543864j),(-0.3493326398794428-23.099745940113372j),(-0.34933263987953556+23.099745940113774j),(-0.3494912348276813-23.099758791827462j),(-0.34949123482770883+23.099758791826805j),(-0.3498064222197005+15.585793774084554j),(-0.34980642221978575-15.585793774084738j)
(-2.4732504377324763e-13+4.972733111064288e-13j),(-3.1875867354252506e-07+2.8331888023376595e-14j),(-0.07990695526968083-1.4146064033828663e-12j),(-0.2258778559932494+9.82002165609308e-12j),(-0.258903285728044-8.741437512239932j),(-0.25890328572806265+8.741437512239921j),(-0.2973445481120181+0.7185534010022908j),(-0.29734454811214267-0.7185534010019724j),(-0.30389653246750853-7.99024586136241j),(-0.3038965324675948+7.9902458613623475j),(-0.32654871567315225-14.806201324904675j),(-0.3265487156731855+14.806201324905148j),(-0.32678657571683756+14.806255794153042j),(-0.3267865757169257-14.806255794152658j),(-0.3501215285491374-23.3998759128731j),(-0.350121528549203+23.399875912872847j),(-0.3502666922753904+23.399887727504j),(-0.3502666922753904-23.399887727503323j),(-0.3527856829650582+15.605666256930427j),(-0.35278568296524115-15.605666256930586j)
(-1.9426602667539879e-13-2.184270558513062e-13j),(-3.03569958992084e-07-9.665130525508026e-14j),(-0.08021766693313549-6.261883998741073e-13j),(-0.22250122349623194+1.0733582979793204e-12j),(-0.260564176143228-8.824113016243208j),(-0.2605641761432971+8.82411301624226j),(-0.30239682099120396+0.6785049027876054j),(-0.30239682099149484-0.678504902787805j),(-0.30394578951380175+8.110255110938537j),(-0.3039457895139161-8.110255110938617j),(-0.32687824207889743+15.050066385161207j),(-0.32687824207903965-15.050066385160521j),(-0.327110971625775+15.050131170994316j),(-0.3271109716259961-15.050131170994305j),(-0.3509375741418956-23.70512015196805j),(-0.3509375741419108+23.70512015196761j),(-0.35107042769985075+23.705131011112123j),(-0.35107042769985697-23.705131011112012j),(-0.355803385417747+15.628993807343488j),(-0.3558033854180139-15.628993807343534j)
(1.7952670064307412e-13-2.0865736852068938e-13j),(-2.8930265858467263e-07+8.869461246899467e-14j),(-0.08052352547652343+9.846152069871584e-13j),(-0.21913044344395996+3.221568800658547e-11j),(-0.2622811508842736+8.91233866132324j),(-0.26228115088430776-8.9123386613229j),(-0.3040490363184602+8.234445340178265j),(-0.30404903631850544-8.234445340178032j),(-0.3075065314547961+0.6393428677901666j),(-0.30750653145481904-0.639342867790409j),(-0.3222872156584972-15.299650262811275j),(-0.32228721565899876+15.299650262812078j),(-0.3225349168492732+15.299752929088449j),(-0.32253491684965496-15.299752929088172j),(-0.3517860632213192-24.01546601578685j),(-0.35178606322145756+24.0154660157859j),(-0.3519076360686757-24.015475994943554j),(-0.35190763606868397+24.015475994943195j),(-0.355337266055506+6.751314812726291j),(-0.3553372660555535-6.75131481272591j)
(1.8586608385872755e-13+4.256364005577486e-13j),(-2.757978341781717e-07-2.5604083177613616e-13j),(-0.08082422413876354-1.1190171718655816e-12j),(-0.21577630070893195-5.6067577891919335e-12j),(-0.2640547708226328-9.006130408742626j),(-0.2640547708227477+9.006130408742735j),(-0.30368980717577587+15.554686083605045j),(-0.3036898071761136-15.55468608360567j),(-0.3039063181426339-15.554880583887408j),(-0.30390631814302366+15.554880583887222j),(-0.30421630550760503-8.362860559700644j),(-0.3042163055077255+8.362860559700998j),(-0.3126683460116775-0.6010221176376122j),(-0.31266834601190835+0.6010221176374674j),(-0.35267218299876224-24.33089476158803j),(-0.35267218299889413+24.330894761588162j),(-0.35278342063603807+24.33090393086256j),(-0.3527834206361586-24.33090393086259j),(-0.35340440357048697+6.687730380081317j),(-0.35340440357050196-6.687730380081279j)
(-3.1453587695944474e-14+1.4387564601333978e-13j),(-2.629194020353123e-07+2.753873994163083e-13j),(-0.08111952135694592-1.1127107463403725e-12j),(-0.2124490748729978-6.570283684508946e-12j),(-0.2654244419013052-15.795979628617948j),(-0.2654244419014717+15.795979628617749j),(-0.2655220117399197+15.796195696565915j),(-0.26552201173999634-15.796195696566535j),(-0.2658856325772433-9.105493315680654j),(-0.26588563257741704+9.105493315680658j),(-0.30445496430129665-8.495526988151285j),(-0.30445496430152463+8.495526988151145j),(-0.31787707818960703-0.5634842439817094j),(-0.31787707818972155+0.5634842439819069j),(-0.3515331632455546-6.622183083782545j),(-0.3515331632456861+6.622183083782625j),(-0.35360098858348965-24.6513816330969j),(-0.3536009885835415+24.651381633096243j),(-0.3537027607721706-24.651390060034473j),(-0.3537027607722527+24.651390060034313j)
(6.485535895881809e-13+2.372425128310908e-13j),(-2.50551566760421e-07+6.88877961179456e-14j),(-0.08140923466107935+4.3487877964658194e-13j),(-0.20915850295139973-1.1619933277382339e-11j),(-0.22975594828297544-16.017117773966376j),(-0.22975594828361645+16.017117773966664j),(-0.22979033268550342+16.017277709871863j),(-0.22979033268579852-16.01727770987212j),(-0.26777436967264967-9.210421817616531j),(-0.26777436967276325+9.210421817617537j),(-0.3047709135817749+8.632457671574874j),(-0.3047709135819218-8.632457671574855j),(-0.32312772051284383-0.5266552560322909j),(-0.3231277205128921+0.5266552560324527j),(-0.3497275550213006-6.554681629319065j),(-0.3497275550213254+6.554681629319035j),(-0.3545773744882709-24.976895983263095j),(-0.35457737448832255+24.97689598326292j),(-0.3546704483040415-24.976903745189478j),(-0.3546704483041374+24.97690374518877j)
(-1.560578366005005e-13-1.6174500907868376e-13j),(-2.3859558253850405e-07-5.144981394035074e-14j),(-0.08169323481399834+3.3021103514794965e-13j),(-0.20212890634817376-16.23035984957112j),(-0.20212890634829125+16.23035984957119j),(-0.2021441794136022+16.230478159644086j),(-0.20214417941424612-16.23047815964358j),(-0.20591374522106984-7.2575111387412904e-12j),(-0.2697216536857591+9.320900074190986j),(-0.2697216536857897-9.320900074191112j),(-0.30516915402766903+8.773655107029265j),(-0.3051691540276734-8.773655107029413j),(-0.3284154721866085-0.4904422160369033j),(-0.3284154721868403+0.49044221603691474j),(-0.3479921272237687-6.485243642588835j),(-0.34799212722386963+6.485243642588928j),(-0.3556060530920053+25.307401430003008j),(-0.35560605309215354-25.307401430003836j),(-0.35569117336486195+25.307408530110052j),(-0.3556911733648768-25.307408530109996j)
(1.7877167996040744e-13+2.467674168030592e-13j),(-2.2696887898112584e-07+2.8923470399664884e-14j),(-0.0819714403034127-1.1638523408811301e-12j),(-0.18029072111689587-16.440432018445826j),(-0.18029072111699124+16.440432018445797j),(-0.18029853680674685-16.440522699462743j),(-0.1802985368068205+16.44052269946297j),(-0.20272335570095645-4.502004770091635e-12j),(-0.27172819535456355+9.43690236893156j),(-0.27172819535458076-9.436902368930927j),(-0.3056540714168923-8.919112852898856j),(-0.3056540714169392+8.919112852898719j),(-0.3337357622225347-0.45472828237711294j),(-0.33373576222264184+0.4547282823771624j),(-0.3463316428045058-6.413894025291001j),(-0.3463316428045197+6.413894025291229j),(-0.3566914559012052+25.64285606334962j),(-0.35669145590134527-25.642856063350276j),(-0.3567693602747047-25.642862536756958j),(-0.35676936027473544+25.64286253675686j)
(-1.604345798039541e-13+1.1650237030128564e-13j),(-2.156026656048477e-07-3.651772101336509e-14j),(-0.08224381207553053-7.52293755807344e-13j),(-0.16254256817411442-16.648906787557944j),(-0.16254256817528695+16.648906787557646j),(-0.16254690663229682-16.64897809761236j),(-0.16254690663246718+16.64897809761249j),(-0.19959525869581257+7.69641164840705e-12j),(-0.27379474561964084+9.558393552924906j),(-0.2737947456198116-9.558393552925942j),(-0.3062295915922437+9.068816595194686j),(-0.3062295915922693-9.068816595195019j),(-0.3390842678958509+0.41936516562589093j),(-0.33908426789585516-0.41936516562599546j),(-0.3447508985394791-6.3406638582961605j),(-0.3447508985395227+6.340663858296012j),(-0.3578380012071065-25.983212452121236j),(-0.35783800120715265+25.983212452121506j),(-0.3579092262931085-25.983218437047633j),(-0.35790922629313077+25.98321843704732j)
(-2.8067959184539643e-13+2.370905414628591e-13j),(-2.0444213124451173e-07-8.738193102368534e-14j),(-0.08251034865102369-2.135929453116073e-12j),(-0.14782675557601302-16.856434222443667j),(-0.14782675557625316+16.8564342224431j),(-0.14782928365034595+16.856491291580998j),(-0.14782928365062875-16.856491291581136j),(-0.1965367312016647+1.746894168151692e-11j),(-0.27592209656995026-9.685329522376513j),(-0.27592209656997946+9.685329522375811j),(-0.3068992791242249-9.222744909772803j),(-0.30689927912423715+9.222744909772723j),(-0.34325461958507264+6.265589615570574j),(-0.3432546195851046-6.2655896155705255j),(-0.34445692855666354-0.3841612031140211j),(-0.34445692855670756+0.3841612031136772j),(-0.35904964690092667+26.328418285139374j),(-0.359049646901046-26.328418285138884j),(-0.3591147690668862+26.32842377978648j),(-0.3591147690670212-26.32842377978637j)
(6.34445587703328e-13+5.477472081486588e-13j),(-1.934459498267577e-07+2.48730057261564e-15j),(-0.08277108152534357-5.933868278715944e-13j),(-0.13545339916892746+17.06333108739462j),(-0.1354533991691902-17.063331087394467j),(-0.13545491506950222+17.063377326377687j),(-0.13545491506970114-17.06337732637776j),(-0.19355439219849593-3.2853709767640486e-12j),(-0.27811108226068293+9.817657720239612j),(-0.2781110822606852-9.817657720239449j),(-0.3076664340997174+9.380869864832432j),(-0.30766643409977007-9.38086986483252j),(-0.3418473964643318+6.18871256273765j),(-0.3418473964643669-6.188712562737933j),(-0.3498499549397261+0.34886160777246833j),(-0.34984995493991533-0.3488616077726716j),(-0.36033021082564126-26.67841615730629j),(-0.3603302108256575+26.678416157306472j),(-0.3603897496306197-26.67842119990186j),(-0.3603897496307056+26.678421199901575j)
(-1.0063583323995763e-13+2.334053763992067e-13j),(-1.8258513779581401e-07-1.268091186448371e-13j),(-0.08302607086609863-2.087526635826151e-12j),(-0.1249455866583541+17.269770305193333j),(-0.1249455866590604-17.269770305193447j),(-0.12494650904937833-17.269808106191586j),(-0.12494650904940682+17.26980810619109j),(-0.1906541987585296+1.1727245207846326e-11j),(-0.2803625793710159-9.955317652605824j),(-0.28036257937110937+9.955317652606597j),(-0.30853424536998475-9.543157686539866j),(-0.3085342453700803+9.543157686539606j),(-0.3405336474823702+6.1100782710559365j),(-0.3405336474824212-6.110078271056041j),(-0.35525983422375795-0.31311375325894025j),(-0.3552598342239298+0.31311375325848667j),(-0.36168326131715817-27.033144024903024j),(-0.36168326131725703+27.03314402490272j),(-0.3617376899510147-27.033148651411274j),(-0.361737689951031+27.033148651411047j)
(3.4978919541274275e-13-8.756432029774443e-13j),(-1.7184340992928222e-07-2.802433424822724e-13j),(-0.08327540155806469+3.246615531454482e-12j),(-0.1159571490826498-17.475854344093598j),(-0.11595714908267209+17.475854344093317j),(-0.11595771211804623-17.47588545381513j),(-0.1159577121181808+17.475885453814232j),(-0.18784144821378856-1.118405100071761e-11j),(-0.28267750766569194+10.098241411131136j),(-0.2826775076656996-10.098241411131221j),(-0.3095050611490838-9.709570204786067j),(-0.3095050611490928+9.709570204786067j),(-0.33931759726760796-6.029736207747742j),(-0.3393175972678266+6.029736207747817j),(-0.3513725500641046+15.756089758097422j),(-0.35137255006432805-15.756089758096897j),(-0.3606833311647499-0.27640117605426234j),(-0.3606833311649494+0.2764011760540326j),(-0.36311212349460875+27.392535401091095j),(-0.36311212349471245-27.39253540109102j)
(2.205308007218254e-13-3.518733326112409e-14j),(-1.6121651133162156e-07-7.58239080168492e-14j),(-0.08351917944763056-2.8778346324518496e-13j),(-0.10822689114701904+17.681647866359068j),(-0.1082268911470977-17.68164786635825j),(-0.10822723199850197-17.681673599570964j),(-0.10822723199856371+17.681673599570775j),(-0.1851207868239377+4.080029893227814e-12j),(-0.2850568302237253+10.24635419368338j),(-0.28505683022374867-10.246354193683418j),(-0.31057765437705803+9.88006082332986j),(-0.3105776543771003-9.880060823330032j),(-0.33820326605568946-5.947739380193368j),(-0.3382032660557568+5.94773938019318j),(-0.3646198852737515-27.756519590882366j),(-0.36461988527381184+27.756519590881698j),(-0.36466537191877657+27.756523484434467j),(-0.36466537191879395-27.756523484434563j),(-0.3661174857041526-0.2379037395603608j),(-0.3661174857042496+0.23790373956007915j)
