0j,(-0.05-1j),(-0.05+1j),(-0.1+0j),(-0.10000000000000003+0j),(-0.10000000000000003+0j),(-0.15+3j),(-0.15-3j),(-0.15000000000000002+1j),(-0.15000000000000002-1j),(-0.19999999999999998+4j),(-0.19999999999999998-4j),(-0.2-8j)
(-3.2535511029367477e-15+2.231270332039113e-14j),(-0.050020290667523434-1.0000014831649935j),(-0.050020290667556394+1.0000014831650392j),(-0.09999990611237954-4.232182162006104e-15j),(-0.10000006571195215+0.002825777353035597j),(-0.10000006571198738-0.002825777352942056j),(-0.14997980307944403-0.999999979043243j),(-0.1499798030794738+0.9999999790433084j),(-0.15001998589804025+2.99999983401621j),(-0.15001998589807308-2.999999834016254j),(-0.20000001381163848+4.000001331989264j),(-0.20000001381165003-4.000001331989274j),(-0.2000001125572512-6.518193362148726e-14j)
(-1.967423747407745e-14-4.5599798264016026e-14j),(-0.050081211887333374-1.0000059363218503j),(-0.050081211887345746+1.000005936321813j),(-0.0999996244523061-7.087158912435384e-14j),(-0.10000026239685213-0.005651563471053889j),(-0.10000026239687977+0.005651563470690958j),(-0.1499191631004666-0.9999999125089255j),(-0.14991916310047917+0.9999999125089771j),(-0.1500799916244534+2.999999332461603j),(-0.15007999162449026-2.9999993324617753j),(-0.20000005524653647-4.000005327954622j),(-0.20000005524657963+4.000005327954743j),(-0.20000045112790343-7.426888693793261e-14j)
(-9.520046608642591e-15-3.0635618166270986e-14j),(-0.050182911909732515-1.0000133705229024j),(-0.050182911909752236+1.0000133705227723j),(-0.09999915502810584+1.6049488680748123e-13j),(-0.100000588714488-0.0084773669917167j),(-0.10000058871451988+0.008477366991533212j),(-0.14981793181170883-0.9999997893372683j),(-0.14981793181172343+0.9999997893372116j),(-0.15018016185363867-2.9999984844613135j),(-0.15018016185364055+2.9999984844611305j),(-0.2000001243047843+4.000011987889621j),(-0.2000001243047866-4.000011987889543j),(-0.20000101838335715-3.4740700980342443e-14j)
(3.5364099739302575e-14-4.405650006967597e-15j),(-0.050325639832594436+1.0000238044149836j),(-0.050325639832613664-1.0000238044149161j),(-0.09999849785360854-3.7622060759392637e-14j),(-0.10000104246518446+0.011303196304901026j),(-0.10000104246518719-0.011303196304967638j),(-0.1496758601137497+0.9999995908690156j),(-0.14967586011375986-0.9999995908690421j),(-0.15032073965073753+2.9999972716698684j),(-0.15032073965075662-2.999997271669919j),(-0.2000002209862378-4.000021311782484j),(-0.20000022098626757+4.0000213117824535j),(-0.2000018187079782+1.2211577823399856e-13j)
(-2.3642646766439965e-14-2.596055331086892e-15j),(-0.050509748682784225+1.0000372645884872j),(-0.050509748682801954-1.000037264588527j),(-0.0999976529481556-2.0062351508741583e-14j),(-0.10000162064285696+0.014129059437255806j),(-0.10000162064290043-0.014129059437171104j),(-0.14949259497748693+0.9999992904970225j),(-0.14949259497751483-0.9999992904970271j),(-0.1505020694418211+2.9999956679340545j),(-0.1505020694418466-2.999995667934062j),(-0.2000003452910511-4.000033299617333j),(-0.20000034529111807+4.000033299617345j),(-0.20000285809252685+1.4065978330475297e-13j)
(3.4334730345246614e-14-5.1138525580617666e-14j),(-0.05073569985490735-1.0000537860840166j),(-0.050735699854914815+1.0000537860840812j),(-0.09999662033668677-7.721408152278327e-14j),(-0.10000231950239388-0.016954963949477996j),(-0.10000231950240991+0.016954963949408302j),(-0.1492676750055436+0.999998853158664j),(-0.1492676750055624-0.999998853158736j),(-0.15072460128982162-2.999993638799653j),(-0.15072460128983042+2.9999936387996105j),(-0.20000049721915075+4.000047951373421j),(-0.20000049721918103-4.000047951373648j),(-0.20000414400043648+5.192050702506247e-14j)
(1.5502666293711592e-14-1.882254279695261e-14j),(-0.05100406903930918+1.0000734130780449j),(-0.05100406903935526-1.0000734130779536j),(-0.09999540004970024+2.851677723213167e-13j),(-0.10000313464352559-0.019780916849165754j),(-0.10000313464361256+0.019780916849256733j),(-0.14900052450414064-0.999998234650577j),(-0.14900052450414236+0.9999982346506893j),(-0.15098889660309936-2.999991140846688j),(-0.15098889660311912+2.9999911408467272j),(-0.2000006767705623-4.0000652670259695j),(-0.20000067677059769+4.000065267026083j),(-0.2000056851986444-5.61168035065396e-14j)
(-1.4506768085355925e-14-5.499572849371239e-14j),(-0.05131555382188222+1.000096199776365j),(-0.05131555382188681-1.0000961997763462j),(-0.09999399212309376-3.0940932549938276e-14j),(-0.10000406110528093+0.02260692451874379j),(-0.10000406110536907-0.02260692451871653j),(-0.14869044588326877+0.9999973807352056j),(-0.1486904458833047-0.9999973807352158j),(-0.15129563544953056-2.9999881208240455j),(-0.15129563544953112+2.999988120824055j),(-0.20000088394533688+4.000085246545509j),(-0.20000088394534812-4.0000852465455345j),(-0.20000749157030845-1.425667480410645e-13j)
(-4.768970600368531e-15+5.802019116481446e-14j),(-0.05167098319757397+1.000122211553112j),(-0.051670983197602056-1.0001222115531943j),(-0.09999239659840142-1.3635476729732902e-13j),(-0.10000509346729056+0.025432992662833578j),(-0.10000509346729668-0.02543299266287936j),(-0.14833661014333274+0.9999962260018765j),(-0.14833661014335453-0.9999962260019213j),(-0.15164562570554851+2.9999845145460555j),(-0.15164562570555923-2.999984514546012j),(-0.20000111874340934-4.0001078898972136j),(-0.2000011187434275+4.000107889897161j),(-0.20000957391055715+5.5474900670976394e-14j)
(-3.143887781566547e-14-1.9805820935045503e-13j),(-0.05207132931415464+1.0001515263880663j),(-0.05207132931416345-1.000151526387976j),(-0.09999061352265862+3.610867076561999e-14j),(-0.10000622595615256+0.02825912627227064j),(-0.100006225956212-0.02825912627206531j),(-0.14793804513121078-0.9999946924295076j),(-0.14793804513122122+0.999994692429493j),(-0.15203981434085315+2.9999802455024476j),(-0.15203981434085564-2.999980245502418j),(-0.20000138116488028+4.000133197042522j),(-0.20000138116490956-4.000133197042594j),(-0.20001194371485806-3.505314791899679e-14j)
(2.966257889514156e-14-1.8556698280875995e-14j),(-0.05251772185717863-1.0001842366700535j),(-0.05251772185720929+1.0001842366699922j),(-0.09998864294837377-4.327592626515063e-14j),(-0.10000745255189075-0.031085329607276724j),(-0.10000745255190097+0.03108532960700873j),(-0.1474936211553734+0.9999926875826204j),(-0.1474936211553872-0.9999926875826426j),(-0.15247930122733125+2.999975223115902j),(-0.15247930122733325-2.999975223115959j),(-0.20000167120972384-4.000161167938134j),(-0.20000167120974738+4.0001611679382725j),(-0.20001461296592604-3.815315245503459e-15j)
(3.333003983858807e-14-6.7458451078190274e-15j),(-0.05301146560836208+1.000220451461138j),(-0.05301146560837648-1.0002204514610575j),(-0.09998648493361055-1.1623676894603806e-13j),(-0.10000876709022788+0.0339116061982915j),(-0.1000087670903483-0.03391160619815734j),(-0.14700203342762003+0.9999901023482575j),(-0.14700203342764903-0.9999901023481511j),(-0.15296535597562722-2.9999693405586005j),(-0.1529653559756285+2.999969340558682j),(-0.20000198887794257+4.000191802536194j),(-0.2000019888779646-4.000191802536071j),(-0.20001759392847843-9.506561019824938e-14j)
(1.5517386429284293e-14+6.013039879005013e-14j),(-0.05355406186809495+1.0002602993431309j),(-0.05355406186810376-1.000260299343006j),(-0.09998413954192026+7.15048239839869e-14j),(-0.10001016336156905+0.03673795886043853j),(-0.10001016336158539-0.036737958860474616j),(-0.14646178064028795+0.9999868080881931j),(-0.146461780640306-0.9999868080881663j),(-0.1534994384512058+2.9999624720100644j),(-0.15349943845122052-2.9999624720099956j),(-0.20000233416961663+4.000225100783921j),(-0.20000233416963148-4.000225100783948j),(-0.2000208989525671-1.833263050803406e-13j)
(3.6736799361071303e-14+4.259914381049041e-14j),(-0.054147234645632286+1.0003039320154543j),(-0.05414723464565264-1.000303932015457j),(-0.09998160684236929-1.1675981073199955e-13j),(-0.10001163519916689-0.03956438972320697j),(-0.10001163519917936+0.039564389723172326j),(-0.14587113877628122+0.9999826530421129j),(-0.14587113877628385-0.9999826530421387j),(-0.1540832238200282+2.9999544691987405j),(-0.1540832238200648-2.999954469198725j),(-0.20000270708472193-4.000261062624399j),(-0.20000270708476617+4.000261062624451j),(-0.20002454029585925+5.1518687845567926e-14j)
(3.509413211111575e-14+3.7836173443746566e-14j),(-0.0547929628038651-1.0003515288735483j),(-0.05479296280386965+1.000351528873576j),(-0.09997888690950896+1.3240685232418597e-14j),(-0.10001317656075609+0.04239090027036146j),(-0.10001317656078358-0.04239090027032864j),(-0.14522812896427356+0.999977457748842j),(-0.14522812896428366-0.9999774577488786j),(-0.1547186332396091-2.9999451570100613j),(-0.15471863323962323+2.99994515700998j),(-0.2000031076232987-4.000299687996193j),(-0.2000031076233166+4.000299687996219j),(-0.2000285299611857-6.902597290663539e-14j)
(5.27799582550105e-15+1.1336142334524537e-13j),(-0.05549351973727217+1.0004033028847164j),(-0.05549351973731431-1.0004033028847577j),(-0.09997597982333514-1.3974974291398246e-14j),(-0.10001478159655858+0.04521749138802839j),(-0.10001478159661299-0.04521749138787224j),(-0.14453047780072154-0.9999710091703171j),(-0.1445304778007483+0.9999710091703294j),(-0.15540787167469233-2.9999343278610273j),(-0.1554078716747049+2.9999343278609705j),(-0.20000353578544075-4.000340976832924j),(-0.2000035357854518+4.000340976833092j),(-0.20003287956016838-7.364266856769819e-14j)
(1.0753733668984652e-14-6.242213625591109e-14j),(-0.05625152270401799-1.0004595082080894j),(-0.05625152270403944+1.0004595082080847j),(-0.09997288566943952+1.6591786413973562e-15j),(-0.10001644470832574+0.04804416342049537j),(-0.10001644470844073-0.04804416342066136j),(-0.14377556801781435+0.999963053071778j),(-0.14377556801781458-0.9999630530718464j),(-0.15615347481918812+2.999921734425661j),(-0.1561534748191998-2.9999217344257083j),(-0.2000039915710572+4.000384929063923j),(-0.20000399157107632-4.0003849290640145j),(-0.2000376001955883+1.3348515184260653e-13j)
(-2.837442999092011e-15-9.573545901745972e-14j),(-0.05706999469990309-1.0005204501937885j),(-0.05706999469990701+1.0005204501938323j),(-0.09996960453870525-3.2648299056391414e-14j),(-0.10001816059528561+0.05087091623030454j),(-0.1000181605953078-0.05087091623048101j),(-0.14296037660934335-0.9999532840227037j),(-0.1429603766093462+0.9999532840226837j),(-0.15695836781465827+2.9999070801141055j),(-0.15695836781467942-2.999907080114019j),(-0.20000447498027196-4.000431544613917j),(-0.2000044749802793+4.000431544613957j),(-0.2000427023690221+1.0447544858767496e-13j)
(1.8399487237993236e-14-1.957604478397353e-15j),(-0.057952442863604854+1.0005864986850148j),(-0.05795244286361612-1.0005864986849022j),(-0.09996613652765696-1.1778387480519636e-13j),(-0.10001992428956219+0.05369774925730515j),(-0.10001992428967466-0.053697749257210665j),(-0.14208139642567755+0.9999413320944459j),(-0.14208139642568526-0.9999413320944627j),(-0.15782593946993886+2.999890006447464j),(-0.15782593946993886-2.9998900064474308j),(-0.20000498601303707+4.000480823402899j),(-0.2000049860130531-4.00048082340287j),(-0.20004819590996037+2.056474409836829e-14j)
(8.64386998337893e-16+1.6657038173677714e-14j),(-0.058902959018836215+1.000658105989855j),(-0.05890295901885052-1.000658105989848j),(-0.09996248173816735+1.58533943129956e-14j),(-0.1000217311821535-0.05652466158151975j),(-0.10002173118220396+0.05652466158169157j),(-0.14113453563153444-0.9999267448886408j),(-0.14113453563156264+0.9999267448886743j),(-0.1587601371648933-2.9998700760606147j),(-0.15876013716493806+2.9998700760606867j),(-0.20000552466951746+4.00053276534682j),(-0.20000552466954036-4.000532765346785j),(-0.20005408992425758-1.215875794189158e-13j)
(-7.515353352339482e-15-7.437553844695473e-14j),(-0.05992635037465897+1.000735831593931j),(-0.059926350374682226-1.0007358315938355j),(-0.09995864027757408-8.694501215320283e-14j),(-0.10002357703714143-0.05935165198282695j),(-0.10002357703720184+0.05935165198275707j),(-0.14011498700570255-0.9999089628247714j),(-0.140114987005703+0.99990896282476j),(-0.15976558982646083-2.9998467494235586j),(-0.15976558982647682+2.999846749423545j),(-0.20000609094961433+4.000587370356335j),(-0.20000609094967092-4.000587370356393j),(-0.20006039276538623-1.2935798428763335e-13j)
(2.5100393855982253e-15-8.649837524155046e-15j),(-0.06102831210740401-1.0008203768274087j),(-0.0610283121074174+1.0008203768274473j),(-0.09995461225868628-4.459406630506412e-16j),(-0.10002545799987825+0.06217871899709358j),(-0.10002545799991783-0.06217871899706688j),(-0.13901705535897055+0.9998872844723738j),(-0.13901705535897166-0.9998872844723595j),(-0.16084776972078718-2.9998193523305203j),(-0.16084776972080617+2.999819352330624j),(-0.20000668485345974-4.0006446383381915j),(-0.20000668485352432+4.000644638337938j),(-0.2000671120182518+5.19892648702598e-14j)
(3.2456478318149804e-14+5.376428692529761e-14j),(-0.06221565936779597-1.000912634622353j),(-0.06221565936781207+1.0009126346224388j),(-0.09995039779966337-9.218870101174736e-15j),(-0.10002737059545629+0.06500586097175878j),(-0.10002737059553488-0.06500586097174545j),(-0.13783392552716536+0.9998608167948426j),(-0.13783392552718646-0.9998608167948211j),(-0.1620132090526311+2.9997870294825515j),(-0.1620132090526318-2.9997870294826434j),(-0.20000730638110475-4.000704569193782j),(-0.20000730638111414+4.0007045691938075j),(-0.20007425450205088+9.220903309897745e-14j)
(-2.987202688299837e-14-1.287261916300497e-13j),(-0.06349664567913113+1.0010137628267213j),(-0.06349664567914083-1.0010137628267712j),(-0.09994599702408723-1.4398255367333455e-14j),(-0.10002931172309787-0.06783307611319603j),(-0.10002931172316305+0.06783307611319377j),(-0.1365573439729684-0.9998284018343735j),(-0.13655734397297806+0.9998284018343871j),(-0.16326979579914222+2.9997486764970906j),(-0.1632697957991439-2.999748676497042j),(-0.20000795553251768+4.000767162821131j),(-0.20000795553253056-4.000767162821085j),(-0.20008182628165322-3.916094530498431e-14j)
(1.6080368062267905e-14+1.2905381136054318e-13j),(-0.06488141047057674-1.0011252955714913j),(-0.06488141047059615+1.0011252955715682j),(-0.09994141006103638+2.314400490865488e-13j),(-0.1000312786437262+0.07066036253281527j),(-0.10003127864375155-0.07066036253287764j),(-0.13517717125242154+0.9997885053454193j),(-0.13517717125242448-0.9997885053454235j),(-0.16462718722294353+2.9997028373428813j),(-0.16462718722295833-2.9997028373427903j),(-0.20000863230776594+4.0008324191126565j),(-0.20000863230781846-4.000832419112715j),(-0.20008983269258468-4.542464251431796e-14j)
(1.9939762374709867e-14-3.520034334653813e-14j),(-0.06638262594309943+1.0012493185921236j),(-0.0663826259431031-1.0012493185921056j),(-0.09993663704487217-9.694887351561626e-14j),(-0.10003326896458407+0.07348771828563154j),(-0.10003326896460163-0.07348771828562661j),(-0.1336807351493177-0.999739041473231j),(-0.13368073514933057+0.9997390414732027j),(-0.1660974036787753-2.999647544193644j),(-0.1660974036788344+2.999647544193656j),(-0.2000093367069356+4.0009003379567325j),(-0.2000093367069617-4.0009003379568j),(-0.20009827837116972+6.698573243337553e-14j)
(-2.7941872222469077e-14+9.044279653022913e-14j),(-0.06801646341649319-1.0013887571975892j),(-0.06801646341651613+1.0013887571976272j),(-0.09993167811535901-1.725286155706728e-14j),(-0.10003528062074185+0.07631514140616034j),(-0.10003528062076145-0.07631514140614015j),(-0.13205186432788316+0.9996770847842505j),(-0.13205186432792795-0.9996770847842034j),(-0.16769570884266263+2.999580056945314j),(-0.16769570884272803-2.9995800569453466j),(-0.20001006873004823-4.00097091923724j),(-0.20001006873008756+4.000970919237245j),(-0.2001071672924146-4.325133937444464e-14j)
(-1.1731521418663556e-14+1.9559553322121988e-13j),(-0.06980409507236825+1.0015478741467552j),(-0.06980409507236991-1.0015478741468515j),(-0.09992653341760932+8.277552506239495e-14j),(-0.10003731185406355+0.07914262993750128j),(-0.10003731185412633-0.07914262993736647j),(-0.13026938658995438+0.999598372390447j),(-0.13026938658997197-0.9995983723903247j),(-0.16944196488112773-2.9994964182043136j),(-0.16944196488115182+2.9994964182043016j),(-0.20001082837723028+4.001044162832967j),(-0.2000108283772394-4.001044162833012j),(-0.20011650281140014+1.2147482306977833e-13j)
(3.054133073673459e-14+8.164907244293463e-14j),(-0.07177414236699713-1.0017331865968597j),(-0.07177414236706237+1.0017331865968815j),(-0.09992120310211221-4.0726838931766076e-14j),(-0.10003936119149451+0.08197018195741225j),(-0.10003936119151602-0.08197018195749343j),(-0.12830468046199686+0.9994963870006621j),(-0.1283046804620963-0.9994963870006708j),(-0.1713628166396241+2.9993906457955983j),(-0.17136281663964645-2.9993906457956783j),(-0.20001161564839195-4.001120068618958j),(-0.2000116156484099+4.001120068618931j),(-0.20012628770715088-4.924560666030283e-14j)
(-1.4917273354702957e-14-8.31449411817844e-14j),(-0.07396691169601964+1.001955295403781j),(-0.07396691169605926-1.0019552954035953j),(-0.09991568732468561-8.456246687978978e-15j),(-0.10004142742191385-0.08479779559876915j),(-0.1000414274219792+0.08479779559891985j),(-0.12611743953069532-0.9993605276201234j),(-0.12611743953073276+0.9993605276200855j),(-0.1734954161533929-2.9992531522355823j),(-0.1734954161533938+2.999253152235589j),(-0.2000124305437068+4.001198636464891j),(-0.20001243054372553-4.001198636464724j),(-0.20013652422831485-9.910023348961253e-14j)
(5.6669371321466315e-14+1.2541057798456107e-13j),(-0.07644228973325556-1.002232936659572j),(-0.07644228973335468+1.0022329366593408j),(-0.09990998624648337+9.055324568399406e-14j),(-0.10004350957349252+0.08762546906713763j),(-0.10004350957350322-0.0876254690672204j),(-0.12364777710365835+0.9991720580129664j),(-0.12364777710377334-0.9991720580128067j),(-0.17589423830122303-2.9990673318205388j),(-0.17589423830130202+2.999067331820454j),(-0.20001327306318326-4.00127986623622j),(-0.20001327306319913+4.001279866236131j),(-0.20014721413943268+3.84194904509195e-14j)
(1.3972935100275937e-14-7.615011925336808e-14j),(-0.0792959263496698-1.0026033332466988j),(-0.07929592634971186+1.0026033332465472j),(-0.09990410003384151+1.7275956624643869e-13j),(-0.10004560689113705-0.0904532006543186j),(-0.10004560689120294+0.09045320065412785j),(-0.12080004329099962+0.9988937551477237j),(-0.12080004329104943-0.9988937551477143j),(-0.17864472075181972+2.998801144731378j),(-0.17864472075187995-2.998801144731234j),(-0.20001414320696365-4.001363757793965j),(-0.2000141432069638+4.001363757794302j),(-0.2001583587648039-3.2761497360167654e-14j)
(8.556154146420648e-15+3.505296666599887e-14j),(-0.0826964716896973+1.0031547406602521j),(-0.08269647168977769-1.0031547406603398j),(-0.09989802885854437+6.519754188707155e-14j),(-0.10004771881530145-0.09328098874794119j),(-0.10004771881530798+0.09328098874794419j),(-0.11740558792843735-0.9984373633759193j),(-0.11740558792851177+0.9984373633760771j),(-0.18189374949183845+2.9983820284908638j),(-0.1818937494918674-2.9983820284909326j),(-0.20001504097494816-4.001450310995162j),(-0.20001504097497455+4.001450310995218j),(-0.20016995903239582+9.268125756944602e-14j)
(2.3412405748106682e-14+8.78922328291036e-14j),(-0.08697684392740959-1.004167756404641j),(-0.0869768439275169+1.004167756404444j),(-0.09989177289758161-3.500658113839128e-14j),(-0.10004984495947043-0.09610883184002862j),(-0.10004984495957216+0.09610883184009394j),(-0.1131314928217187+0.9975222850355213j),(-0.11313149282181155-0.9975222850354795j),(-0.18592419499551732+2.9975968954439374j),(-0.1859241949955377-2.99759689544389j),(-0.20001596636734176-4.001539525690946j),(-0.20001596636735086+4.001539525690919j),(-0.20018201551719422+2.708043197833204e-13j)
(-3.6970679964077526e-15-6.904145568528953e-14j),(-0.0924882934166384-1.0069788853296597j),(-0.09248829341667826+1.0069788853298303j),(-0.09988533233318041-1.6098651738470698e-13j),(-0.10005198509246296-0.09893672853174448j),(-0.10005198509255489+0.09893672853174619j),(-0.10762650759608476+0.9948120151122126j),(-0.10762650759615788-0.9948120151123154j),(-0.1911873452890335+2.9955021794663983j),(-0.19118734528924725-2.995502179466365j),(-0.20001691938415112-4.001631401728941j),(-0.20001691938415395+4.001631401728953j),(-0.20019452847811442+5.738258613860949e-14j)
(6.103468801867616e-14-2.9689523364867286e-14j),(-0.0959489482285098+1.0127950223351359j),(-0.09594894822869568-1.0127950223351243j),(-0.09987870735282713-4.131231564747353e-14j),(-0.10005413911809768+0.1017646775358632j),(-0.10005413911824228-0.10176467753577337j),(-0.10417250415869314-0.9890996585390543j),(-0.10417250415887516+0.9890996585391226j),(-0.19541327838686343-2.990139984306796j),(-0.19541327838686595+2.990139984306817j),(-0.20001790002548742+4.001725938951979j),(-0.20001790002549236-4.00172593895196j),(-0.20020749789774905-7.111242088411186e-14j)
(3.2779068783809624e-14-9.95224812303438e-14j),(-0.09699266160126507+1.0177545121791296j),(-0.09699266160138327-1.0177545121791833j),(-0.09987189814917359+5.3740485737203196e-14j),(-0.10005630705926957-0.10459267767867157j),(-0.10005630705927909+0.10459267767843153j),(-0.10313562924946798-0.9842468703846168j),(-0.10313562924958593+0.9842468703847403j),(-0.19673031239982133+2.985037398379292j),(-0.19673031240004327-2.9850373983792986j),(-0.20001890829133392-4.001823137198148j),(-0.20001890829136829+4.001823137198273j),(-0.20022092351478182-2.0856979782713628e-13j)
(-8.625934803335162e-15+1.3449647316301434e-13j),(-0.09744999120622816+1.0217908866242325j),(-0.09744999120622883-1.0217908866242449j),(-0.09986490492017078+5.867795134484267e-14j),(-0.10005848904134333+0.10742072789926713j),(-0.10005848904144467-0.10742072789912613j),(-0.10268532517421834+0.9803201187087303j),(-0.10268532517424735-0.9803201187086087j),(-0.19726165485153152+2.98096120175454j),(-0.19726165485158065-2.98096120175447j),(-0.20001994418184385+4.001922996301282j),(-0.20001994418189536-4.001922996301329j),(-0.20023480485610826-1.1964260579408217e-14j)
(-7.51152158100321e-16-1.7270517380201396e-13j),(-0.09770664295863296+1.0252901717247818j),(-0.09770664295870803-1.0252901717247684j),(-0.09985772786892529+3.9237897658754226e-14j),(-0.10006068527832188+0.11024882724860036j),(-0.10006068527834905-0.11024882724885611j),(-0.10243588599396151-0.9769333772740927j),(-0.10243588599406529+0.9769333772740921j),(-0.19754670109183936+2.9774819081958794j),(-0.19754670109189898-2.977481908195902j),(-0.20002100769709388-4.002025516090526j),(-0.2000210076971046+4.0020255160907094j),(-0.20024914126668011-5.270665446478436e-15j)
(-2.6799422230915733e-14-3.767996255622127e-14j),(-0.097869768182959-1.028442535111887j),(-0.09786976818296002+1.0284425351120146j),(-0.09985036720364711-6.63704435733354e-14j),(-0.1000628960588953+0.11307697488734038j),(-0.10006289605892546-0.11307697488737893j),(-0.1022801603606295-0.9738964782622195j),(-0.1022801603606298+0.9738964782619964j),(-0.19772242957045633-2.974381344445865j),(-0.1977224295704987+2.9743813444459106j),(-0.20002209883707747+4.00213069639084j),(-0.20002209883713148-4.002130696390669j),(-0.20026393193507286-1.3368447037720022e-13j)
(-1.2546387657543897e-14+7.294165274297116e-14j),(-0.0979810774575771+1.0313511102146262j),(-0.09798107745760062-1.031351110214748j),(-0.09984282313769786+5.656904331592168e-14j),(-0.10006512173545462+0.11590517008176504j),(-0.10006512173545996-0.1159051700817626j),(-0.10217643767086144-0.971106288051321j),(-0.10217643767092356+0.9711062880514251j),(-0.19783928688272057-2.97154387243991j),(-0.19783928688279356+2.971543872439868j),(-0.20002321760196518-4.002238537021756j),(-0.20002321760201502+4.002238537021856j),(-0.20027917591677724+9.547156683376776e-14j)
(6.557402330137148e-14-1.1664055490016058e-14j),(-0.09806039381024424-1.0340781574112357j),(-0.0980603938103248+1.034078157411145j),(-0.0998350958896331+7.391734095359703e-14j),(-0.10006736271273364-0.11873341220083075j),(-0.10006736271276934+0.11873341220065983j),(-0.10210489487183887+0.968500546066386j),(-0.10210489487191159-0.9685005460665022j),(-0.19792043945069152+2.968900998864076j),(-0.1979204394507184-2.9689009988640622j),(-0.20002436399183007-4.002349037799348j),(-0.20002436399183876+4.002349037799365j),(-0.2002948721570472+2.7037465033154312e-14j)
(3.260933190141202e-14-3.8365144394703066e-14j),(-0.09811843741236018+1.0366643496329961j),(-0.0981184374123926-1.0366643496329784j),(-0.0998271856830914+4.18857032975528e-14j),(-0.10006961943878497+0.12156170071160131j),(-0.10006961943881042-0.121561700711782j),(-0.10205481176634099-0.9660385791738013j),(-0.10205481176634147+0.9660385791738542j),(-0.19797812885046207+2.966408606492044j),(-0.19797812885050284-2.966408606492104j),(-0.20002553800666328+4.002462198534555j),(-0.200025538006705-4.002462198534408j),(-0.2003110195079175-4.575463810138825e-15j)
(-7.053653094948345e-14+4.594102075528521e-14j),(-0.09816155409203862-1.039137850971317j),(-0.09816155409205306+1.0391378509713025j),(-0.0998190927467795-1.837404629975852e-14j),(-0.1000718923961354+0.12439003517564744j),(-0.10007189239617836-0.12439003517567523j),(-0.10201984249955416+0.96369222307527j),(-0.10201984249962062-0.9636922230752958j),(-0.19801948175587775+2.9640364693198773j),(-0.19801948175590686-2.9640364693199053j),(-0.2000267396466764+4.002578019033761j),(-0.20002673964667916-4.002578019033703j),(-0.2003276167469746-1.4663016302431593e-13j)
(-2.2639765298563282e-14+3.9821199458761674e-14j),(-0.09819375993751364-1.041519046820668j),(-0.09819375993762185+1.0415190468204265j),(-0.09981081731436658+1.4147782026714294e-13j),(-0.10007418209475663+0.12721841524354047j),(-0.10007418209476299-0.1272184152435906j),(-0.101995970956208+0.9614410921645933j),(-0.1019959709562972-0.961441092164503j),(-0.19804895207988946-2.961762888680757j),(-0.19804895207989523+2.9617628886807235j),(-0.2000279689118205+4.0026964990990725j),(-0.20002796891184263-4.002696499099378j),(-0.20034466259142356+3.3431068269525214e-14j)
(-2.638979698597495e-14-1.2195126336793374e-13j),(-0.09821773088176047+1.0438232127943152j),(-0.09821773088179556-1.0438232127944087j),(-0.09980235962482156+2.876790833726715e-14j),(-0.10007648906470001-0.13004684065061753j),(-0.1000764890647729+0.13004684065053046j),(-0.10198052117579544-0.9592699106113342j),(-0.10198052117581512+0.9592699106114702j),(-0.1980694784625492-2.9595717105695116j),(-0.19806947846258174+2.9595717105694574j),(-0.2000292258023054-4.002817638528272j),(-0.2000292258023517+4.002817638528268j),(-0.2003621557115308-4.233867762641733e-14j)
(-1.620119628684742e-15-2.71820704894576e-15j),(-0.09823532433812769-1.0460621185119043j),(-0.09823532433813008+1.0460621185118688j),(-0.09979371992187511-6.407860197592397e-14j),(-0.10007881385152596-0.13287531121207563j),(-0.10007881385157463+0.13287531121186114j),(-0.10197163571636592-0.9571669085751853j),(-0.10197163571638394+0.9571669085752319j),(-0.19808308463112909+2.9574505542024307j),(-0.19808308463117238-2.9574505542024094j),(-0.2000305103181384-4.00294143711384j),(-0.2000305103181474+4.0029414371137975j),(-0.20038009474155574-9.99358902332856e-14j)
(-2.2482016234620542e-14+8.738842984557164e-14j),(-0.09824787321721874-1.0482450414459608j),(-0.09824787321722038+1.048245041445989j),(-0.0997848984543479-4.743859808708395e-15j),(-0.100081157010334+0.13570382681822357j),(-0.10008115701038596-0.13570382681817295j),(-0.10196798163842695+0.9551228083566343j),(-0.10196798163843684-0.9551228083567109j),(-0.19809121346585734-2.955389702851104j),(-0.19809121346588107+2.9553897028511202j),(-0.20003182245942097+4.003067894644588j),(-0.2000318224594548-4.003067894644455j),(-0.20039847829038088-9.25888998571727e-14j)
(-3.2827780424091395e-14+1.6932005921565222e-14j),(-0.09825636084835367+1.0503794350380677j),(-0.09825636084837118-1.0503794350380973j),(-0.09977589547606518-2.466236629893395e-14j),(-0.10008351910183871-0.1385323874305756j),(-0.10008351910183905+0.13853238743050086j),(-0.10196857558311678-0.9531301562832465j),(-0.10196857558313462+0.9531301562831835j),(-0.19809492367467868-2.953381378693108j),(-0.19809492367468495+2.9533813786931367j),(-0.20003316222630785-4.0031970109042225j),(-0.2000331622263532+4.003197010904368j),(-0.2004173049502961-8.186192002862457e-14j)
(6.183742962768406e-14-3.694927704643977e-14j),(-0.09826152978621086-1.0524713845020885j),(-0.09826152978625768+1.052471384502017j),(-0.09976671124578555-1.4788526382748522e-13j),(-0.10008590068861731-0.14136099307660915j),(-0.10008590068873728+0.14136099307649j),(-0.10197267496548837+0.9511828669050711j),(-0.10197267496551825-0.9511828669050926j),(-0.19809501107023267-2.9514192513908295j),(-0.19809501107027203+2.9514192513908206j),(-0.2000345296188109+4.0033287856722835j),(-0.20003452961881107-4.003328785672352j),(-0.2004365733037321+3.246807640011413e-14j)
(-2.964295475749168e-14+5.948713743819667e-14j),(-0.09826395207034992+1.054525927033908j),(-0.09826395207037485-1.0545259270339336j),(-0.0997573460271572-5.2569729837113156e-14j),(-0.10008830233206653+0.1441896438455233j),(-0.10008830233209572-0.1441896438455878j),(-0.10197970771528066-0.9492759027851708j),(-0.1019797077152909+0.9492759027852467j),(-0.19809208630629363+2.9494980948187983j),(-0.19809208630629638-2.94949809481882j),(-0.20003592463708636+4.00346321872382j),(-0.20003592463709774-4.00346321872383j),(-0.20045628193000087-9.066337771748977e-14j)
(-2.96804144786813e-14-9.397897496658383e-15j),(-0.09826407606021306-1.0565472824837507j),(-0.09826407606022224+1.0565472824838116j),(-0.09974780008878165+6.746330709514431e-14j),(-0.10009072458926822+0.14701833988484142j),(-0.10009072458935098-0.14701833988466828j),(-0.10198922544158957+0.9474050438278243j),(-0.10198922544160688-0.9474050438277939j),(-0.1980866263717564+2.9476135409895616j),(-0.1980866263717819-2.9476135409895674j),(-0.20003734728120812+4.0036003098288235j),(-0.20003734728120962-4.003600309828921j),(-0.20047642941109484-1.007626537016613e-13j)
(2.5630212501079035e-14-9.220980897174978e-14j),(-0.09826225852332861+1.0585390231770413j),(-0.0982622585233337-1.0585390231770078j),(-0.09973807370412913+2.852987658804361e-14j),(-0.10009316801144247+0.1498470813952437j),(-0.10009316801148357-0.14984708139537295j),(-0.10200087134480498-0.9455667174569888j),(-0.10200087134481865+0.9455667174569573j),(-0.19807900967916964+2.9457618996632524j),(-0.1980790096791972-2.9457618996631614j),(-0.20003879755126563-4.003740058753492j),(-0.2000387975512771+4.003740058753537j),(-0.20049701433549452-5.854212332011264e-14j)
(-2.2924370735033506e-14-4.1092129698938606e-14j),(-0.09825878715309838+1.0605042013370438j),(-0.09825878715309944-1.0605042013369628j),(-0.09972816715146125-9.078181200236269e-14j),(-0.10009563314135085-0.15267586862789537j),(-0.10009563314143932+0.15267586862794721j),(-0.10201435769891797-0.9437578711940765j),(-0.10201435769894238+0.9437578711940285j),(-0.19806954056921064-2.9439400235020634j),(-0.19806954056921414+2.9439400235021096j),(-0.20004027544737293+4.003882465259269j),(-0.20004027544738393-4.0038824652592195j),(-0.20051803530250625-7.231705242102706e-14j)
(-3.324895068875666e-14-6.209107855238769e-14j),(-0.09825389670444318-1.0624454463071082j),(-0.09825389670451329+1.0624454463071367j),(-0.09971808071399031+6.249183888841583e-15j),(-0.1000981205121638-0.15550470188047202j),(-0.10009812051224105+0.15550470188045168j),(-0.10202944971568666+0.9419758754352499j),(-0.10202944971571168-0.9419758754352814j),(-0.1980584667979006+2.942145205524471j),(-0.1980584667979019-2.942145205524505j),(-0.20004178096965536-4.004027529103023j),(-0.2000417809696873+4.004027529103099j),(-0.20053949092534062+1.1547399293419218e-13j)
(-1.6333547973716483e-14-8.979069051448997e-14j),(-0.09824778077518447-1.0643650398441329j),(-0.09824778077520277+1.0643650398441606j),(-0.09970781467959246-6.229418783233478e-14j),(-0.1001006306461554-0.15833358149345686j),(-0.1001006306461727+0.15833358149342067j),(-0.10204595376355415+0.940218448158887j),(-0.10204595376357305-0.9402184481589159j),(-0.19804599225551375-2.9403750999230542j),(-0.19804599225556094+2.940375099923151j),(-0.20004331411822204-4.004175250036873j),(-0.20004331411823417+4.004175250036825j),(-0.20056137983329742-1.547649785511521e-15j)
(4.867532183568096e-14+4.545660528286471e-14j),(-0.09824060055071829+1.0662649752071502j),(-0.09824060055072487-1.0662649752071132j),(-0.09969736934102874-2.218650025734306e-14j),(-0.1001031640536177-0.16116250784781722j),(-0.1001031640536281+0.16116250784770456j),(-0.10206370862248554+0.9384835958359888j),(-0.10206370862250733-0.938483595835904j),(-0.19803228637712914-2.938627660088207j),(-0.19803228637716982+2.9386276600882884j),(-0.20004487489308076-4.00432562780884j),(-0.20004487489315906+4.004325627808893j),(-0.20058370067400474+1.2009349482477027e-13j)
(5.208584516385926e-14-7.727771202000107e-15j),(-0.09823249139439574-1.068147004088267j),(-0.09823249139442071+1.0681470040882215j),(-0.099686744995736-6.560784811673029e-15j),(-0.10010572123188943+0.16399148136071962j),(-0.10010572123193091-0.1639914813607271j),(-0.10208257889412209-0.936769566499555j),(-0.10208257889413747+0.9367695664995328j),(-0.19801749121174664+2.936901089500588j),(-0.19801749121180548-2.936901089500573j),(-0.20004646329454218+4.004478662162427j),(-0.20004646329456874-4.0044786621625015j),(-0.20060645211549405+4.427710917522704e-15j)
(-2.1242973166958278e-14-8.47274011078251e-14j),(-0.0982235678794257-1.070012674291318j),(-0.09822356787944159+1.070012674291356j),(-0.0996759419459387-5.0969805276846374e-14j),(-0.1001083026653892-0.16682050248419666j),(-0.10010830266544646+0.16682050248406738j),(-0.10210244996952249+0.9350748120663969j),(-0.10210244996953348-0.9350748120663909j),(-0.19800172680662723-2.9351938023900552j),(-0.19800172680666783+2.9351938023900734j),(-0.20004807932253357-4.0046343528363515j),(-0.20004807932257448+4.004634352836545j),(-0.20062963284623056-2.344278785233865e-14j)
(-8.683085559736822e-15-8.861361403892119e-14j),(-0.09821392768016494+1.0718633602812293j),(-0.09821392768017785-1.0718633602812042j),(-0.09966496049847216+1.0397522191038797e-13j),(-0.10011090882442396-0.1696495717015269j),(-0.10011090882447654+0.16964957170139264j),(-0.10212322413799246+0.9333979577872623j),(-0.1021232241380062-0.9333979577872096j),(-0.19798509535974856-2.9335043919015424j),(-0.19798509535977968+2.9335043919015207j),(-0.20004972297722204+4.004792699565314j),(-0.20004972297722315-4.004792699565463j),(-0.20065324157750059+5.48300167306988e-14j)
(2.616483418815818e-14+4.0245584642661925e-14j),(-0.09820365461415802+1.0737002881747342j),(-0.09820365461417332-1.0737002881747872j),(-0.09965380096491805+4.9460733652587947e-14j),(-0.10011354016544383-0.17247868952538162j),(-0.10011354016550153+0.17247868952539425j),(-0.10214481754509445-0.9317377772559048j),(-0.10214481754511621+0.9317377772559808j),(-0.197967684459042-2.931831604098262j),(-0.1979676844590957+2.9318316040982038j),(-0.200051394258781+4.004953702078902j),(-0.20005139425881108-4.004953702079043j),(-0.20067727704282692+1.0807483155481556e-13j)
(-1.0449974219284286e-14-1.1069964389598397e-13j),(-0.098192821044635-1.0755245563538034j),(-0.09819282104464012+1.0755245563538487j),(-0.09964246366147597-5.079188506352862e-14j),(-0.10011619713069728+0.17530785649525815j),(-0.10011619713073094-0.17530785649495173j),(-0.10216715779006533-0.9300931717967238j),(-0.10216715779006903+0.9300931717966919j),(-0.1979495696353811-2.9301743165552314j),(-0.1979495696353951+2.9301743165551866j),(-0.20005309316727782-4.005117360102693j),(-0.20005309316732664+4.0051173601027j),(-0.20070173799859398+1.8983901854753626e-14j)
(-5.9620183810548215e-15-7.220072309309644e-14j),(-0.09818148979637237-1.0773371525957367j),(-0.09818148979640755+1.0773371525956896j),(-0.09963094890895052-1.549454569020605e-13j),(-0.10011888014806392-0.17813707317466038j),(-0.1001188801480841+0.1781370731746445j),(-0.10219018200990702-0.9284631533333643j),(-0.10219018200990834+0.9284631533333809j),(-0.19793081639445745-2.928531520596388j),(-0.19793081639446705+2.928531520596402j),(-0.2000548197027299-4.005283673357714j),(-0.200054819702795+4.005283673357721j),(-0.20072662322472504+2.7145874231208146e-14j)
(7.952717720323411e-15+3.0167224986022754e-14j),(-0.09816971569655009-1.0791389684081092j),(-0.09816971569657426+1.0791389684081432j),(-0.0996192570327251+5.6308508682231055e-14j),(-0.10012158963128623-0.18096634015130356j),(-0.10012158963134596+0.18096634015121227j),(-0.10221383533879282-0.9268468300545981j),(-0.102213835338796+0.9268468300545437j),(-0.19791148184798724-2.926902306450111j),(-0.19791148184800134+2.926902306450065j),(-0.20005657386552594-4.00545264156008j),(-0.20005657386553088+4.005452641560175j),(-0.20075193152378973+7.782439052434529e-14j)
(2.3595798738741007e-14+4.3666827123230924e-14j),(-0.09815754682358244+1.0809308111036515j),(-0.09815754682358693-1.0809308111036293j),(-0.0996073883627929-9.855879880225585e-14j),(-0.10012432598002266-0.18379565803258102j),(-0.10012432598008353+0.1837956580324956j),(-0.10223806965889762-0.9252433943392667j),(-0.10223806965889888+0.9252433943393142j),(-0.197891616033772-2.9252858507623754j),(-0.19789161603378053+2.925285850762357j),(-0.20005835565555918+4.005624264422105j),(-0.2000583556555869-4.005624264422366j),(-0.2007776617217524+8.114160213465072e-14j)
(8.9460521515792e-16-6.036520307900679e-14j),(-0.09814502552776504-1.0827134140290533j),(-0.09814502552777905+1.0827134140290902j),(-0.09959534323355058-5.645905921654444e-14j),(-0.10012708958004593+0.18662502744597953j),(-0.1001270895800469-0.1866250274458749j),(-0.10226284257997678-0.9236521125273975j),(-0.10226284257998407+0.9236521125273933j),(-0.1978712629928712-2.9236814060302665j),(-0.1978712629928825+2.9236814060303047j),(-0.20006016507299257-4.005798541651305j),(-0.2000601650730166+4.005798541651362j),(-0.20080381266671105-2.399569502917799e-14j)
(1.7636788524091467e-14+4.4231300709531e-14j),(-0.09813218927020526-1.0844874452822162j),(-0.0981321892702178+1.0844874452822955j),(-0.09958312198407052+8.070846128023382e-14j),(-0.10012988080309204-0.18945444903650122j),(-0.100129880803251+0.1894544490363353j),(-0.10228811660031242+0.9220723162030128j),(-0.10228811660032534-0.9220723162030311j),(-0.19785046165367579+2.922088291608485j),(-0.19785046165368173-2.9220882916085085j),(-0.2000620021180573+4.005975472950909j),(-0.20006200211809252-4.005975472950719j),(-0.20083038322941496-2.307955642022723e-14j)
(2.1525618179204296e-14+9.560809548648208e-14j),(-0.09811907131771026+1.0862535151763095j),(-0.0981190713177318-1.0862535151762862j),(-0.09957072495769595-1.1349214825848251e-14j),(-0.10013270000791485-0.1922839234649938j),(-0.10013270000795603+0.19228392346496623j),(-0.10231385841197801-0.9205033947299881j),(-0.1023138584119993+0.9205033947299611j),(-0.19782924656319203+2.920505886014937j),(-0.1978292465631922-2.9205058860148725j),(-0.20006386679072216-4.006155058018711j),(-0.2000638667907474+4.006155058018698j),(-0.20085737230205036+6.071241754264218e-14j)
(-1.3419982067820972e-14+8.430939243627618e-14j),(-0.09810570132126196-1.0880121826641393j),(-0.09810570132131095+1.0880121826643059j),(-0.09955815250231168-1.0779605905041879e-13j),(-0.10013554753963459+0.1951134514081221j),(-0.1001355475396763-0.19511345140804723j),(-0.10234003832215186+0.918944788827671j),(-0.1023400383221851-0.9189447888276582j),(-0.19780764849524132+2.9189336203158414j),(-0.19780764849526714-2.918933620315845j),(-0.20006575909122354-4.00633729654971j),(-0.20006575909130184+4.006337296549671j),(-0.20088477879807662+3.3362652977966715e-14j)
(1.649309484728324e-14-3.8453865996001006e-14j),(-0.0980921058006468-1.0897639608922165j),(-0.09809210580066094+1.089763960892204j),(-0.09954540497018742+6.30525418949114e-14j),(-0.10013842373075779-0.19794303355538703j),(-0.10013842373081493+0.19794303355543932j),(-0.10236662976874093+0.9173959850173146j),(-0.10236662976874521-0.9173959850173917j),(-0.19778569495924062-2.917370972412072j),(-0.19778569495926343+2.917370972412037j),(-0.20006767901971453+4.006522188233008j),(-0.20006767901973965-4.006522188232829j),(-0.20091260165158198-1.1230586773262583e-13j)
(1.0483432434412623e-14-3.4874504605186114e-14j),(-0.09807830855252217-1.0915093220216552j),(-0.0980783085525226+1.0915093220215772j),(-0.09953248271797692-8.947524332166545e-14j),(-0.10014132890119005+0.20077267060950643j),(-0.10014132890134275-0.20077267060955592j),(-0.10239360891203568+0.9158565108002462j),(-0.10239360891206982-0.9158565108002509j),(-0.19776341062824646+2.915817462082462j),(-0.19776341062825345-2.9158174620824377j),(-0.20006962657627328-4.006709732753832j),(-0.20006962657630187+4.006709732753918j),(-0.20094083981656938+2.2574554902722125e-14j)
(-3.072251008867297e-14-4.634873460065425e-14j),(-0.09806433099583177+1.0932487014321752j),(-0.09806433099583865-1.0932487014322219j),(-0.09951938610672091+1.0149754724638755e-13j),(-0.1001442633587892-0.20360236328459752j),(-0.10014426335883572+0.2036023632844591j),(-0.1024209542895091+0.9143259304545321j),(-0.10242095428952411-0.9143259304545229j),(-0.19774081770073504-2.914272646666884j),(-0.19774081770075438+2.914272646666883j),(-0.20007160176105934+4.006899929793163j),(-0.2000716017610615-4.006899929793076j),(-0.2009694922662277+4.9414451077005264e-14j)
(-2.015756485579146e-14+2.1505382409845624e-14j),(-0.09805019246549146+1.0949825013994405j),(-0.09805019246549959-1.0949825013995558j),(-0.09950611550172465+9.604780232171718e-14j),(-0.10014722739952986-0.2064321123046206j),(-0.10014722739958459+0.2064321123046541j),(-0.10244864652206659+0.9128038413577654j),(-0.10244864652208283-0.9128038413577864j),(-0.1977179362080814+2.9127361172916295j),(-0.19771793620812889-2.912736117291549j),(-0.20007360457416848-4.0070927790272455j),(-0.20007360457420165+4.0070927790270545j),(-0.20099855799217994+2.8212660005426938e-14j)
(4.618186544618367e-15+6.476539898805494e-14j),(-0.09803591046306097-1.0967110943242986j),(-0.09803591046306936+1.0967110943242988j),(-0.09949267127250092-4.580531962949883e-14j),(-0.10015022130789387+0.20926191840432892j),(-0.10015022130791507-0.2092619184043189j),(-0.10247666806335824-0.9112898707573567j),(-0.10247666806336252+0.911289870757331j),(-0.19769478427677104-2.9112074955573193j),(-0.19769478427683848+2.9112074955572456j),(-0.20007563501580589+4.007288280127521j),(-0.20007563501581965-4.007288280127496j),(-0.20102803600433525-1.822765284001777e-14j)
(-4.0319574760786885e-14-3.427342976075962e-14j),(-0.09802150087211783+1.0984348255781722j),(-0.09802150087211887-1.0984348255782113j),(-0.099479053792943+3.7259355203754776e-14j),(-0.10015324535731618+0.21209178232645015j),(-0.10015324535732238-0.2120917823265569j),(-0.10250500298438679+0.9097836729252332j),(-0.10250500298441251-0.909783672925232j),(-0.19767137835332482+2.9096864306222114j),(-0.19767137835332665-2.909686430622175j),(-0.2000776930860265-4.0074864327618025j),(-0.2000776930860427+4.007486432761691j),(-0.20105792532932898+2.3582892065406265e-14j)
(-4.2211482858657834e-15-5.955259256733185e-14j),(-0.09800697814337511-1.1001540160183225j),(-0.09800697814338101+1.1001540160182972j),(-0.09946526344113313-2.8877895374760275e-14j),(-0.10015629981071983-0.21492170482217948j),(-0.10015629981075627+0.21492170482216383j),(-0.10253363678849158+0.9082849266428206j),(-0.1025336367884995-0.9082849266428159j),(-0.19764773339746136-2.908172596626808j),(-0.1976477333974874+2.908172596626784j),(-0.2000797787851226+4.007687236592714j),(-0.20007977878513106-4.007687236592771j),(-0.20108822501040416-2.132568657007891e-14j)
(1.1704073924856523e-14-4.716148355432426e-14j),(-0.09799235545488773+1.101868964217597j),(-0.09799235545489508-1.1018689642175243j),(-0.09945130059918328-4.2821643441107644e-14j),(-0.10015938492056028+0.21775168664989383j),(-0.10015938492057175-0.2177516866499129j),(-0.10256255625096738-0.9067933329712736j),(-0.10256255625097785+0.9067933329712783j),(-0.1976238630494993+2.9066656904100654j),(-0.19762386304953888-2.9066656904100925j),(-0.20008189211304964-4.00789069127899j),(-0.20008189211312635+4.0078906912790035j),(-0.20111893410653123+2.1860127880413228e-15j)
(3.2836195158135574e-14+3.4911304769786828e-15j),(-0.09797764485104163+1.1035799484467335j),(-0.09797764485107303-1.103579948446796j),(-0.0994371656536251-1.4281097035286823e-13j),(-0.1001625009293989+0.22058172857474243j),(-0.10016250092942738-0.2205817285746755j),(-0.10259174928022342-0.9053086132686842j),(-0.10259174928024802+0.9053086132686726j),(-0.19759977977519297+2.905165429482149j),(-0.19759977977525184-2.9051654294822438j),(-0.20008403307010258+4.008096796474571j),(-0.2000840330701238-4.008096796474432j),(-0.201150051691592+7.423423479403241e-14j)
(-1.850802749019895e-14+2.8392010516129707e-14j),(-0.09796285736367355+1.10528722844283j),(-0.09796285736367465-1.105287228442775j),(-0.09942285899493092+4.136304386707293e-14j),(-0.10016564807011982-0.22341183136783427j),(-0.10016564807016608+0.22341183136796697j),(-0.1026212047967609-0.9038305074226378j),(-0.10262120479676305+0.9038305074226595j),(-0.1975754949914833+2.9036715502161257j),(-0.19757549499149307-2.9036715502161923j),(-0.2000862016563504+4.008305551829089j),(-0.20008620165637303-4.008305551828844j),(-0.20118157685394578+5.880390333077148e-14j)
(-7.369183839257514e-14-5.060637221706213e-14j),(-0.09794800311745001-1.1069910469881963j),(-0.0979480031174508+1.1069910469882036j),(-0.09940838101761754-3.7953784186119127e-14j),(-0.10016882656660595+0.2262419958062006j),(-0.10016882656665271-0.22624199580641766j),(-0.10265091262740425+0.9023587722699875j),(-0.10265091262743067-0.902358772269944j),(-0.19755101917673853+2.902183806233303j),(-0.1975510191767623-2.9021838062332734j),(-0.20008839787195742+4.008516956987345j),(-0.20008839787200075-4.00851695698733j),(-0.20121350869546953-7.169708191602661e-14j)
(1.9339956766727148e-14-9.776056433182802e-15j),(-0.09793309142263597+1.1086916313273942j),(-0.09793309142266346-1.1086916313274633j),(-0.0993937321203886+3.046843086005131e-14j),(-0.10017203663362906-0.22907222267185554j),(-0.10017203663372287+0.22907222267180496j),(-0.10268086341292657-0.9008931801809926j),(-0.10268086341292726+0.9008931801810033j),(-0.19752636196695042-2.9007019669563765j),(-0.19752636196697756+2.9007019669563627j),(-0.20009062171714082-4.008731011590794j),(-0.20009062171714398+4.008731011590763j),(-0.201245846331192+2.966778450439237e-14j)
(2.1730873560027086e-14+1.6979930210367558e-14j),(-0.09791813085656913-1.1103891944388407j),(-0.0979181308565865+1.1103891944388438j),(-0.09937891270591022-1.2838245500659275e-13j),(-0.10017527847766318-0.2319025127511087j),(-0.10017527847773953+0.23190251275097723j),(-0.1027110485264629+0.8994335177873906j),(-0.10271104852648852-0.8994335177874151j),(-0.1975015322405546-2.8992258163113442j),(-0.19750153224056988+2.8992258163113918j),(-0.20009287319196423+4.00894771527527j),(-0.20009287319201977-4.008947715275448j),(-0.20127858888830666+5.954776517723072e-15j)
(-1.9322439861230168e-14+9.092369012767958e-14j),(-0.0979031293350967-1.1120839361795645j),(-0.09790312933513828+1.1120839361796888j),(-0.09936392318082768+8.263090000908144e-14j),(-0.1001785522968329+0.23473286683458497j),(-0.10017855229687592-0.23473286683444256j),(-0.10274146000189972+0.8979795848371169j),(-0.10274146000193737-0.8979795848370697j),(-0.1974765381926014+2.89775515155835j),(-0.19747653819262848-2.8977551515582647j),(-0.20009515229659963-4.009167067672831j),(-0.2000951522966354+4.009167067673022j),(-0.20131173550549267+1.2155031889365348e-15j)
(3.715947055642136e-14-1.5070502574653925e-14j),(-0.09788809417626534+1.1137760443189242j),(-0.0978880941762709-1.1137760443189006j),(-0.09934876395566324-3.939723982606891e-15j),(-0.10018185828137327+0.2375632857168626j),(-0.10018185828142269-0.2375632857169017j),(-0.10277209047053773+0.8965311931613216j),(-0.1027720904705475-0.8965311931613054j),(-0.19745138740077028-2.8962897822375973j),(-0.19745138740077756+2.896289782237578j),(-0.20009745903124262+4.009389068410973j),(-0.20009745903128126-4.0093890684110995j),(-0.20134528533320573+1.7252282848946536e-14j)
(2.391978313114391e-14-3.811748681196449e-14j),(-0.09787303215622184-1.1154656954720394j),(-0.09787303215624804+1.1154656954720337j),(-0.09933343544499526+9.955050124820614e-14j),(-0.1001851966141647-0.2403937701959952j),(-0.10018519661416983+0.2403937701959982j),(-0.1028029331048174+0.895088165740461j),(-0.10280293310483823-0.8950881657404132j),(-0.19742608688371704-2.8948295292170303j),(-0.19742608688376245+2.894829529217028j),(-0.20009979339604386-4.009613717112943j),(-0.20009979339608377+4.00961371711284j),(-0.20137923753161638+1.6190055926875697e-14j)
(-1.0837684205369e-14-2.1878991439942627e-14j),(-0.09785794955919709+1.117153055946565j),(-0.09785794955920853-1.1171530559465626j),(-0.09931793806720142-1.0008623270744598e-13j),(-0.10018856747047883+0.24322432107278408j),(-0.10018856747049004-0.24322432107298358j),(-0.10283398156853318-0.8936503358577491j),(-0.1028339815685447+0.893650335857728j),(-0.1974006431526915+2.8933742238293827j),(-0.1974006431527876-2.8933742238294653j),(-0.20010215539109907+4.009841013396993j),(-0.20010215539112217-4.00984101339689j),(-0.20141359127140526+3.4822973005522507e-15j)
(1.2100490010162643e-14+2.627862726498361e-14j),(-0.09784285222196176-1.118838282510371j),(-0.09784285222196219+1.1188382825104184j),(-0.09930227224453919-4.266291433455219e-14j),(-0.1001919710190792-0.24605493915146118j),(-0.1001919710190865+0.2460549391514424j),(-0.10286522997241111+0.8922175463313428j),(-0.10286522997242147-0.8922175463313132j),(-0.19737506225753734-2.8919237070901405j),(-0.19737506225755155+2.8919237070901116j),(-0.2001045450166505-4.01007095687751j),(-0.20010454501669261+4.010070956877615j),(-0.20144834573222242+5.6391235389014826e-14j)
(4.42114908312851e-15+7.409821658534893e-14j),(-0.09782774557326415+1.1205215230901902j),(-0.09782774557330456-1.1205215230902632j),(-0.09928643840300519-4.327862755150378e-15j),(-0.10019540742157607-0.24888562523776242j),(-0.10019540742167425+0.24888562523787505j),(-0.1028966728344895-0.8907896488159156j),(-0.10289667283450991+0.8907896488158528j),(-0.19734934982789037-2.890477828985021j),(-0.1973493498278934+2.890477828985037j),(-0.20010696227285252+4.01030354716473j),(-0.20010696227288255-4.0103035471647j),(-0.20148350010292637+3.0786067281527173e-14j)
(-5.749310411312185e-15-1.8555946703109838e-14j),(-0.09781263466967459+1.122202917407678j),(-0.09781263466970208-1.1222029174077384j),(-0.09927043697243379-6.469004724257449e-14j),(-0.10019887683363536+0.2517163801405823j),(-0.10019887683373907-0.25171638014072084j),(-0.10292830504459456-0.8893665031664271j),(-0.1029283050446209+0.889366503166334j),(-0.19732351110983484+2.889036447823355j),(-0.1973235111098595-2.889036447823447j),(-0.20010940715982278-4.010538783863729j),(-0.20010940715983566+4.010538783863536j),(-0.20151905358039435-9.644414727029903e-14j)
(1.2138431551043527e-14+2.37417555003057e-14j),(-0.0977975242269252+1.1238825975597417j),(-0.09779752422694041-1.1238825975596998j),(-0.09925426838641134+3.595885606674071e-14j),(-0.1002023794045679-0.25454720467092795j),(-0.10020237940462401+0.25454720467085756j),(-0.1029601218326089-0.8879479768576706j),(-0.10296012183262032+0.8879479768577074j),(-0.19729755099892982-2.887599429646188j),(-0.1972975509989414+2.8875994296462517j),(-0.20011187967775865-4.010776666575538j),(-0.20011187967778477+4.0107766665755795j),(-0.20155500536943924-3.448343479875819e-14j)
(-4.55611338111628e-14+4.0025374373792274e-14j),(-0.09778241864869563+1.125560688549212j),(-0.09778241864871437-1.1255606885490954j),(-0.0992379330821826+1.5184210275237221e-13j),(-0.10020591527759098+0.25737809964045966j),(-0.10020591527768301-0.25737809964047165j),(-0.10299211873997367+0.8865339444540288j),(-0.10299211873997449-0.886533944454009j),(-0.1972714740694731-2.8861666476869536j),(-0.19727147406947398+2.8861666476869425j),(-0.20011437982684227+4.0110171948971605j),(-0.20011437982684627-4.011017194897267j),(-0.20159135468252648+6.741317511169014e-14j)
(2.1076406495357866e-14-7.234653917506155e-14j),(-0.097767322052283+1.1272373087701701j),(-0.09776732205229796-1.1272373087701706j),(-0.09922143150069888+4.341909642064613e-14j),(-0.10020948459071552+0.2602090658637644j),(-0.10020948459074201-0.26020906586381065j),(-0.10302429159386317+0.8851242871233657j),(-0.10302429159387665-0.8851242871233164j),(-0.1972452846014361-2.884737981877063j),(-0.19724528460144522+2.8847379818770356j),(-0.20011690760721548-4.011260368420408j),(-0.20011690760723294+4.011260368420519j),(-0.20162810073868584+6.264102942111119e-14j)
(3.1950017935531146e-14+2.935243230322971e-14j),(-0.09775223829173808-1.128912570454023j),(-0.09775223829176048+1.1289125704541039j),(-0.09920476408645357-2.7776603045805015e-14j),(-0.10021308747618474+0.2630401041560902j),(-0.10021308747622024-0.26304010415613355j),(-0.10305663648418195+0.8837188921920498j),(-0.1030566364842075-0.883718892192107j),(-0.1972189866041073-2.88331331839324j),(-0.19721898660414441+2.8833133183932893j),(-0.20011946301905376-4.011506186733883j),(-0.20011946301909236+4.011506186733841j),(-0.20166524276355438-2.6860182794672835e-15j)
(1.4135783194066031e-14-4.4351919650720654e-15j),(-0.09773717097881894-1.13058658007684j),(-0.0977371709788237+1.1305865800767807j),(-0.09918793128775662+4.420890853610001e-14j),(-0.10021672406123522-0.26587121533441516j),(-0.10021672406128718+0.2658712153345307j),(-0.10308914974254771-0.8823176527367651j),(-0.1030891497425882+0.8823176527368493j),(-0.19719258383798569+2.8818925492420764j),(-0.19719258383800886-2.8818925492421466j),(-0.20012204606255635-4.011754649420445j),(-0.20012204606257464+4.01175464942022j),(-0.20170277998879052-1.3219048388871525e-14j)
(1.4503794278729296e-14-9.261982443541163e-14j),(-0.09772212350182319+1.1322594387363296j),(-0.09772212350185523-1.1322594387363236j),(-0.09917093355621209+3.151408597573545e-14j),(-0.10022039446812588-0.26870240021630937j),(-0.10022039446814765+0.2687024002163164j),(-0.10312182792334747-0.8809204672079425j),(-0.10312182792338025+0.8809204672079607j),(-0.19716607983406245+2.880475571877789j),(-0.19716607983407988-2.880475571877765j),(-0.20012465673788774+4.012005756059307j),(-0.2001246567378979-4.0120057560593185j),(-0.20174071165190585-1.1719770642429583e-13j)
(-8.632208332126028e-15+1.1288487856576674e-13j),(-0.0977070990429819+1.1339312424970691j),(-0.09770709904299557-1.1339312424971157j),(-0.09915377134712326+6.494917227517512e-14j),(-0.10022409881428056-0.2715336596208253j),(-0.10022409881430473+0.27153365962084675j),(-0.10315466778660275+0.8795272390842362j),(-0.10315466778660572-0.87952723908424j),(-0.19713947791175668-2.879062288850741j),(-0.19713947791175912+2.8790622888507094j),(-0.20012729504518284+4.012259506225498j),(-0.20012729504522037-4.0122595062254645j),(-0.20177903699568056-2.641544743386356e-14j)
(-4.370979627632925e-14-1.8352386052219426e-13j),(-0.09769210059379621-1.1356020827097073j),(-0.09769210059379971+1.1356020827097133j),(-0.0991364451191834-4.3654959861435634e-14j),(-0.1002278372127677-0.27436499436752554j),(-0.10022783721278211+0.27436499436732315j),(-0.103187666282329+0.8781378765535607j),(-0.10318766628235053-0.8781378765535695j),(-0.19711278119510078+2.8776526074832214j),(-0.19711278119510475-2.877652607483275j),(-0.20012996098469185-4.012515899489311j),(-0.2001299609846988+4.012515899489373j),(-0.20181775526752568-1.6213507359713204e-13j)
(6.142607198843543e-15-1.4633964392713437e-13j),(-0.09767713096934884-1.137272046305028j),(-0.0976771309693662+1.1372720463050257j),(-0.09911895533460223+1.7657935614257096e-14j),(-0.10023160977191199+0.2771964052765848j),(-0.10023160977195544-0.2771964052765176j),(-0.10322082053647419+0.8767522922188312j),(-0.10322082053648592-0.876752292218848j),(-0.1970859926270763-2.8762464395710965j),(-0.19708599262709722+2.876246439571096j),(-0.20013265455651955+4.012774935416781j),(-0.2001326545565564-4.0127749354169495j),(-0.20185686572008357-3.9883548533952224e-14j)
(-1.5371212991428622e-15-3.590034659674426e-14j),(-0.09766219282125045+1.1389412160664965j),(-0.09766219282126913-1.1389412160663934j),(-0.09910130245895964+3.5521330676863095e-14j),(-0.10023541659619437-0.2800278931692223j),(-0.10023541659625555+0.2800278931693j),(-0.1032541278378615-0.8753704028259659j),(-0.10325412783787458+0.8753704028259709j),(-0.19705911498326545+2.874843701106673j),(-0.19705911498326723-2.874843701106693j),(-0.20013537576092155-4.013036613569675j),(-0.20013537576093077+4.0130366135696685j),(-0.20189636760975127+2.7261943651395246e-14j)
(3.2761345305808514e-14+2.381551694709072e-14j),(-0.09764728864936113+1.14060967088105j),(-0.09764728864939375-1.1406096708810758j),(-0.09908348696129671-3.092977671723688e-14j),(-0.1002392577860123-0.2828594588671106j),(-0.10023925778604413+0.2828594588670116j),(-0.10328758562644577-0.8739921290119351j),(-0.10328758562645551+0.8739921290119465j),(-0.19703215088372245-2.8734443120236124j),(-0.19703215088372864+2.8734443120236164j),(-0.20013812459804065+4.013300933505152j),(-0.2001381245980701-4.013300933505169j),(-0.20193626019702363+8.65863995685352e-15j)
